OBJECTID,ORGN,DSTN,SHAPE_Length
1,BELLVILLE,DURBANVILLE,12918.668591668
2,BELLVILLE,NYANGA,15814.7886294032
3,BELLVILLE,KHAYELITSHA,22221.7332256291
4,BELLVILLE,MOWBRAY,24910.2671473743
5,GUGULETU,CLAREMONT,15462.3415509529
6,GUGULETU,SEA POINT,35082.8221430848
7,KHAYELITSHA,WYNBERG,22398.7183143705
8,MITCHELLS PLAIN - TOWN CENTRE,WYNBERG,26375.5250579433
9,LANGA,CAPE TOWN,15402.2479181411
10,LANGA,SEA POINT,24447.1237389119
11,LANGA,MOWBRAY,9835.65511097018
12,NYANGA,WYNBERG,14229.4825115831
13,NYANGA,CLAREMONT,16184.3052990976
14,NYANGA,ATHLONE,11533.4188969657
15,NYANGA,MOWBRAY,15650.2919376441
16,NYANGA,CAPE TOWN,23147.7110696785
17,WYNBERG,KHAYELITSHA,32215.9659095154
18,WYNBERG,CONSTANTIA,6937.56218965965
19,WYNBERG,CAPE TOWN,14554.6361631225
20,BONTEHEUWEL,MOWBRAY,10600.8162189036
21,CAPE TOWN,HOUT BAY,30330.0110612635
22,HEIDEVELD,MOWBRAY,11723.7637521206
23,HEIDEVELD,CAPE TOWN,18580.924828611
24,OCEAN VIEW,FISH HOEK,12312.815075188
25,WYNBERG,HOUTBAY,21374.7284807457
26,MOWBRAY,MANENBERG,13921.2998702015
27,KHAYELITSHA,MOWBRAY,24429.4205236395
28,NYANGA,PAROW,17280.6852555413
29,ELSIES RIVER,NYANGA,13845.8067397702
30,PAROW,NYANGA,13903.4239582339
31,BONTEHEUWEL,CAPE TOWN,11753.5574604472
32,KHAYELITSHA,LANGA,19144.2093895935
33,MITCHELLS PLAIN 3RD/7TH AVENUE,HANOVER PARK,17153.0060709915
34,CAPE TOWN,HEIDEVELD,19495.2301799505
35,MFULENI,BLACKHEATH,7715.85400544769
36,HANOVER PARK,CLAREMONT,7866.80833006618
37,BELLVILLE,MAKHAZA KHAYELITSHA,29877.825069611
38,BELLVILLE,WALLACEDENE,14241.9081859105
39,LWANDLE,SOMERSET WEST,7503.20554960174
40,LWANDLE,KHAYELITSHA,34762.0345488032
41,THE HAGUE DELFT,MITCHELLS PLAIN,16141.2106377938
42,VOORBRUG DELFT,MITCHELLS PLAIN,15218.1481504703
43,THE HAGUE DELFT,PAROW,15393.4830474315
44,PAROW,UITSIG,3947.57929245299
45,VOORBRUG DELFT,PAROW,16534.2726176384
46,THE HAGUE DELFT,BELLVILLE,12777.7669603333
47,EINDHOVEN DELFT,CAPE TOWN,32526.4744712988
48,EINDHOVEN DELFT,PAROW,17934.6199186155
49,EINDHOVEN DELFT,ELSIES RIVER,16072.3142337013
50,VOORBRUG,ELSIES RIVER,14671.9669327242
51,UNIBELL,BELLVILLE,24561.4998207948
52,PAROW SANLAM CENTRE,VOORBRUG DELFT,15050.4378397629
53,LOTUS RIVER,WYNBERG,8878.19281773552
54,MELTON ROSE,ELSIES RIVER,4902.79164790339
55,GRASSY PARK,WYNBERG,8989.59803208357
56,GRASSY PARK,MITCHELLS PLAIN,21052.7680233529
57,HANOVER PARK,RETREAT,17341.4591981959
58,HANOVER PARK,CAPE TOWN (VIA KROMBOOM),19194.0829632607
59,HANOVER PARK,ATHLONE,6577.3005636372
60,KHAYELITSHA,PAROW,22697.6296833706
61,PAROW STATION,BELHAR DELFT,16511.4245746793
62,PAROW STATION,NORWOOD,6987.80476332624
63,PAROW STATION,ELSIES RIVER,7160.41909351143
64,PAROW STATION,RAVENSMEAD,4205.81172926024
65,KHAYELITSHA,PAROW,22755.1514119664
66,MELTON ROSE,BELLVILLE,17563.0959274951
67,MITCHELLS PLAIN,NORTHWOOD,6157.36215900195
68,HAZELDENE,SPINE RD MITCHELLS PLAIN,4880.47757158487
69,MITCHELLS PLAIN,TAFELSIG,5460.37532383429
70,SAXONWOLD,ATLANTIS,49530.0683972433
71,SOMERSET WEST,VIA MUSICA MACASSAR,15268.1025736809
72,SOMERSET WEST,VIA ALBATROS MACASSAR,16597.6384092003
73,SOMERSET WEST,KRAMAT,15454.8304777622
74,SOMERSET WEST,GORDONS BAY,17036.6760143693
75,N1 CITY,ELSIES RIVER,4683.27696167787
76,VASCO VIA N1 CITY,ELSIES RIVER,6625.07135773148
77,N1 CITY,MITCHELLS PLAIN,30976.465073823
78,WYNBERG,HANOVER PARK,7622.46972269852
79,HANOVER PARK,CAPE TOWN (VIA MOWBRAY),17670.6959510061
80,HANOVER PARK,CAPE TOWN (VIA SETTLERS WAY),21437.3203569179
81,KLIPHEUWEL,BELLVILLE,64858.518991191
82,KENSINGTON,CAPE TOWN,16770.0642213734
83,KENSINGTON,VASCO,7894.22907744149
84,KENSINGTON,MUTUAL STATION,4660.19877647237
85,MITCHELLS PLAIN,LENTEGEUR STATION,15483.416052078
86,PAROW,PANORAMA,9218.72289300073
87,VREDEHOEK,CAPE TOWN,4597.67670216014
88,MITCHELLS PLAIN,NEW LENTEGEUR,7476.12961210441
89,MITCHELLS PLAIN,NEW LENTEGEUR (VIA HENGELAAR),5986.019257654
90,MITCHELLS PLAIN,MONTROSE PARK,6878.61536785656
91,GRASSY PARK,WYNBERG,10501.0299053184
92,GRASSY PARK,WYNBERG,7124.48600288029
93,MELTON ROSE,DELFT,11154.9415034938
94,MITCHELLS PLAIN,CAPE TOWN,34605.5141304844
95,ELSIES RIVER,NETREG,11394.2256054688
96,CAPE TOWN,WYNBERG,14742.4291386442
97,CAPE TOWN,HOUT BAY (VIA HIGH LEVEL RD),29865.5884718115
98,CAPE TOWN,HOUT BAY (VIA MAIN RD),29834.8662634147
99,CAPE TOWN,HOUT BAY (VIA KLOOF RD),26405.4716035285
100,CAPE TOWN,HOUT BAY (VIA WESTERN BLVD),30046.9971223751
101,SEA POINT,NYANGA,32440.6281069908
102,PELLA,MALMESBURY,45152.3098335079
103,PELLA,DARLING,19378.3529757665
104,PELLA,ATLANTIS,8773.92281203697
105,GRASSY PARK,VIA PLUMSTEAD - WYNBERG,7531.70251333007
106,GRASSY PARK,VIA VICTORIA RD - WYNBERG,8989.59803208357
107,VOORBRUG DELFT,BELLVILLE,14916.1856183111
108,MITCHELLS PLAIN,VIA MOWBRAY - CAPE TOWN,34337.7765616458
109,MITCHELLS PLAIN,VIA MERRYDALE - CAPE TOWN,38029.3430729787
110,MITCHELLS PLAIN,VIA BELGRAVIA - CAPE TOWN,37785.6722900835
111,MITCHELLS PLAIN,GROOTTE SCHUUR HOSPITAL,40453.8535267246
112,BELLVILLE,BELLVILLE SOUTH,6583.67664384691
113,BELLVILLE,EERSTE RIVER,21048.0766459214
114,BELLVILLE,TYGERBERG HOSPITAL,6402.72206390074
115,BELLVILLE,KARL BREMMER HOSPITAL,4147.24613911224
116,BELLVILLE,CAPE TOWN,24064.1965644809
117,VOORBRUG DELFT,CAPE TOWN,33191.9243955308
118,MELTON ROSE,EERSTE RIVER,10789.4390280134
119,FALSE BAY,GRASSY PARK,10006.3778217628
120,MUTUAL STATION,RICHWOOD,26034.5954415213
121,CAPE TOWN,SOMERSET HOSPITAL,3164.95509824163
122,KHAYELITSHA,CLAREMONT,24411.0866239622
123,KHAYELITSHA,BELLVILLE,22644.7507986843
124,EINDHOVEN DELFT,BELLVILLE,16315.6147369058
125,THE HAGUE DELFT,CAPE TOWN,34114.9868828543
126,MANDALAY,3RD /7TH AVE MITCHELLS PLAIN,10366.6350737489
127,BONTEHEUWEL,ATHLONE,10600.8162189036
128,ATLANTIS,MELKBOSSTRAND,33060.335996368
129,ATLANTIS,DARLING,12249.1020462197
130,ATLANTIS VIA REYGERSDAL,FABRIEKS AREA ATLANTIS,10485.207648062
131,ATLANTIS VIA HOOP SINGEL,FABRIEKS AREA ATLANTIS,17069.712873212
132,ATLANTIS,WESFLEUR,4073.76573885026
133,KOEBERG STATION,FRANKDALE,31561.1063697108
134,KOEBERG STATION,SANDDRIFT,19860.2923325057
135,KOEBERG STATION,MONTAGUE GARDENS,13514.6558906884
136,KOEBERG STATION,MILNERTON,8556.55895580448
137,KOEBERG STATION,CAMBRIDGE,7018.73397178672
138,LENTEGEUR STATION,TOWN CENTRE MITCHELLS PLAIN,10646.3381149438
139,NORTHWOOD,LENTEGEUR STATION,3977.3999242503
140,PARKWOOD,VIA LIME RD -WYNBERH,5800.7752969276
141,PARKWOOD,VIA BLACKBIRD WLK - WYNBERG,6107.43527779711
142,PARKWOOD,VIA KESTREL RD - WYNBERG,6092.08307671668
143,PARKWOOD,VIA PLANTATION RD - WYNBERG,6178.6008279681
144,PARKWOOD,VIA WALMER RD - WYNBERG,13584.453821814
145,PARKWOOD,SOUTHFIELD,8364.02159933778
146,LANGA,ATHLONE,6319.62394262104
147,NYANGA,NYANGA STATION,3548.33646975836
148,CROSS ROADS,WYNBERG,17542.865280321
149,KHAYELITSHA,ELSIES RIVER,22809.9119983229
150,THE HAGUE DELFT,ELSIES RIVER,13531.1773625172
151,KOEBERG STATION,MITCHELLS PLAIN,32071.6736602545
152,BONTEHEUWEL,SILVERTOWN,17761.4380481885
153,TABLE VIEW,KOEBERG STATION,21946.1402028227
154,MITCHELLS PLAIN,LONDON VILLAGE,14235.3548874059
155,UNIBELL,BELLVILLE STATION,17238.2111165229
156,RED CROSS HOSPITAL,ELSIES RIVER,21658.4086240396
157,NYANGA,SEA POINT,32406.7033452409
158,WALLACEDENE,BELLVILLE,14246.5156421004
159,BRACKENFELL,BLOEKOMBOS (VIA WALLACEDENE),15890.8667155966
160,BELLVILLE,EVERSDAL,15648.7890662909
161,EIKENFONTEIN,WALLACEDENE,8217.60896140312
162,MACASSAR,SOMERSET WEST (VIA MADALABOS),20133.6590260207
163,MACASSAR,SOMERSET WEST (VIA ZANDVLIET RD),18053.0176202174
164,MACASSAR,SOMERSET WEST (VIA DE BEERS),24436.4941535931
165,MACASSAR,FIRGROVE (VIA R102),8800.42567061255
166,MACASSAR,SOMERSET WEST (VIA FIRGROVE),20141.5243288155
167,MACASSAR,SOMERSET WEST (VIA R102),15579.8952395445
168,MACASSAR,SOMERSET WEST,15103.4010973518
169,MACASSAR,BLACKHEATH,19992.6136014727
170,MACASSAR,EERSTE RIVER,13237.6360735841
171,FIRGROVE,SOMERSET WEST (VIA,10608.493500568
172,FIRGROVE,MACASSAR,3265.71926853856
173,FIRGROVE,EERSTE RIVER,11466.5256895217
174,HANOVER PARK,LANSDOWNE,3523.42675221291
175,MACASSAR,SOMERSET WEST (VIA STEYNSRUS),13157.8312167354
176,V & A WATERFRONT, CAPE TOWN CAPTOUR,3800.58500471613
177,V & A WATERFRONT,CAPE TOWN INTERSITE,3609.93778045127
178,V & A WATERFRONT,CAPE TOWN OLD MARINE RD,3876.85919045539
179,V & A WATERFRONT,CABLE WAY STATION,16534.6805400353
180,V & A WATERFRONT,CAPE TOWN INTERNATIONAL AIRPORT,28070.1773180792
181,ATLANTIS,DUINEFONTEIN MELKBOS STRAND,28989.2712780418
182,ATLANTIS,DARLING,8035.47180720156
183,ATLANTIS,FABRIEKS AREA ATLANTIS,7912.26594916468
184,ATLANTIS,SAXON SEA ATLANTIS,3683.08052332792
185,ATLANTIS,MALMESBURY,36541.8272861804
186,MAMRE,FABRIEKS AREA ATLANTIS,15296.1828110401
187,MAMRE,FABRIEKS AREA ATLANTIS (VIA ATLANTIS),35879.2947546647
188,MAMRE,DARLING,37573.8664049017
189,MAMRE,CAPE TOWN (VIA KILLARNEY),79589.1632132898
190,CAPE TOWN,HEIDEVELD,19495.2301799505
191,HEIDEVELD,MOWBRAY,15843.6173687781
192,CAPE TOWN,CAMPS BAY (VIA HIGH LEVEL RD),13454.2634102618
193,CAPE TOWN,CAMPS BAY (VIA MAIN RD),13421.5018402045
194,CAPE TOWN,CAMPS BAY (VIA KLOOF RD),12012.6990312977
195,CAPE TOWN,CAMPS BAY (VIA WESTERN BLVD),13633.6326991649
196,RETREAT,GRASSY PARK,8833.71536916428
197,RETREAT,RETREAT,4937.34435514872
198,GRASSY PARK,WYNBERG,10508.7597262807
199,MANENBERG,CLAREMONT,13935.5855262581
200,MANENBERG,MOWBRAY,13844.1548853946
201,MANENBERG,CAPE TOWN,20784.5728271368
202,HOUT BAY,WYNBERG,21434.633427922
203,CAPE TOWN,GARDENS,5131.67131905088
204,CAPE TOWN,ORANJEZICHT,5558.11558086443
205,CAPE TOWN,CABLE WAY STATION,14163.1561000808
206,GRASSY PARK,HANOVER PARK,10334.0165408752
207,KHAYELITSHA,SEA POINT,40118.4456290217
208,KHAYELITSHA,SEA POINT,39865.0526153095
209,KHAYELITSHA,SEA POINT,40068.6634126877
210,MITCHELLS PLAIN,WYNBERG,30916.1521694661
211,TYGERBERG HOSPITAL,ELSIES RIVER,11264.290494385
212,TYGERBERG HOSPITAL,PAROW,5639.43214484165
213,TYGERBERG HOSPITAL,TYGERBERG RAILWAY STATION,4467.56049036556
214,TYGERBERG HOSPITAL,BELLVILLE,6273.92597657819
215,TYGERBERG HOSPITAL,ELSIES RIVER,13138.6297855666
216,TYGERBERG HOSPITAL,DELFT,20812.9794244971
217,CAPE TOWN,WYNBERG (VIA M3),15277.0733352677
218,BELHAR,BELLVILLE,12388.743903642
219,GRASSY PARK,MITCHELLS PLAIN,22122.1707934446
220,HAZELDENE,ROCKLANDS,6067.00018108076
221,HAZELDENE,WESTRIDGE,3516.68756821517
222,HAZELDENE,WESTGATE MALL,5154.11156918381
223,HAZELDENE,WESTGATE MALL (VIA SILVERSANDS),4933.53326057361
224,HAZELDENE,WESTGATE MALL (VIA KAPTEINSKLIP),10215.4520798573
225,HAZELDENE,WESTGATE PALMS,6646.04055138707
226,HAZELDENE,N1 CITY,32943.7342933358
227,RETREAT,RETREAT STATION,5453.24282301708
228,BELLVILLE,CAPE TOWN (VIA N1 CITY),28085.4145815303
229,STEENBERG,WESTLAKE,4969.03717135068
230,STEENBERG,TOKAI,2693.44169205023
231,MITCHELLS PLAIN,CAPE TOWN,43227.1663831784
232,MITCHELLS PLAIN,CAPE TOWN,32775.8566303088
233,MITCHELLS PLAIN,CAPE TOWN,32943.2861613015
234,MITCHELLS PLAIN,CAPE TOWN,33185.6627147
235,MITCHELLS PLAIN,LOST CITY,6358.11454402096
236,MITCHELLS PLAIN,LOST CITY,6226.67103847062
237,MITCHELLS PLAIN,TAFELSIG,5460.37532383429
238,MITCHELLS PLAIN,TAFELSIG,5735.36865463581
239,GROOTTE SCHUUR HOSPITAL,CAPE TOWN,5534.11263435836
240,GROOTTE SCHUUR HOSPITAL,WYNBERG,9940.43099333229
241,GROOTTE SCHUUR HOSPITAL,MITCHELLS PLAIN,29720.2572133034
242,ATLANTIS,MELKBOS STRAND,31671.4506941558
243,ATLANTIS,FABRIEKS AREA ATLANTIS,10485.207648062
244,ATLANTIS,FABRIEKS AREA ATLANTIS,13564.5687769928
245,ATLANTIS,WESFLEUR,4073.76573885026
246,SOMERSET WEST,LOURENSFORD(SOMERSET WEST),11991.9816994429
247,SOMERSET WEST,DRAMA STREET(SOMERSET WEST),7771.88728012992
248,SOMERSET WEST,UPPER MOUNTAIN STREET(SOMERSET WEST),9098.06344177661
249,SOMERSET WEST,RUE MOUNT PELLAR(SOMERSET WEST),12311.2906612378
250,SOMERSET WEST,KRAMAT WAY(MACASSAR),20795.9136282532
251,SOMERSET WEST,LINK AVENUE WAY(MACASSAR),18687.0335602712
252,SOMERSET WEST,STRAND,11241.9301314564
253,SOMERSET WEST,SIR LOWRYS PASS TOWN,19797.2361920286
254,SOMERSET WEST,RIVERTON STREET(SOMERSET WEST),10591.0913539546
255,SOMERSET WEST,DIAZ STREET(SOMERSET WEST),3013.4493074845
256,SOMERSET WEST,LOURENS STREET(SOMERSET WEST),2706.93417635192
257,SOMERSET WEST,RAILWAY STATION(SOMERSET WEST),1743.63521622896
258,SOMERSET WEST,VICTORIA PARK,2611.06407679489
259,SOMERSET WEST,ADVANCED MEDICAL TECHNOLOGY(SOMERSET WEST),4686.74360249948
260,SOMERSET WEST,SIR LOWRYS PASS TOWN,11817.4184520577
261,HANOVER PARK,CAPE TOWN,21949.3872222037
262,GRASSY PARK,RETREAT,4249.83336871252
263,WYNBERG,RETREAT,7799.27853519049
264,MITCHELLS PLAIN (CALYPSO SQUARE),BEACON VALLEY,2794.12658619566
265,CAPE TOWN,VREDEHOEK,4433.31723411152
266,CAPE TOWN,WALMER ESTATE,3561.95389508903
267,STRAND,CASSA BLANCA (STRAND),9692.14313844987
268,STRAND,CASSA BLANCA (STRAND),6265.37167671923
269,STRAND,SOMERSET WEST,6341.15502062318
270,STRAND,TEMPERANCE TOWN (GORDONS BAY),11023.6037867858
271,STRAND,MACASSAR,14288.5315673681
272,STRAND,SIR LOWRYS PASS TOWN,14309.9015845938
273,STRAND,SOMERSET WEST MALL,6119.29952887045
274,KILLARNEY,MAITLAND,18466.5977594211
275,N1 CITY,VASCO,2924.70655182696
276,DURBANVILLE,WALLACEDENE,11463.369238203
277,VASCO,BOTHASIG,15491.5070280585
278,VASCO,MONTAGUE GARDENS,13105.8989195255
279,VASCO,BOTHASIG,13687.420705571
280,VASCO,PAROW (PLATTEKLOOF ROAD),13818.0638410065
281,MALIBU,BLACKHEATH,5364.55925043341
282,NORTHPINE,BRACKENFELL STATION,3999.33421698524
283,NORTHPINE,BRACKENFELL (HYPERMARKET),3863.80501351555
284,NORTHPINE,BELLVILLE,11461.2063168013
285,NORTHPINE,WALLACEDENE,3595.94101830889
286,BELLVILLE,EVERSDAL,15648.7890662909
287,MOWBRAY,WYNBERG,8149.05069000663
288,MOWBRAY,WYNBERG,8311.84796256265
289,MOWBRAY,CAPE TOWN,6986.63014699284
290,DURBANVILLE,BELLVILLE,12628.657343592
291,DURBANVILLE,DURBANVILLE(ZAND DAM PLAAS),61046.8810183887
292,CLAREMONT,HANOVER PARK,7748.18752507336
293,CLAREMONT,HANOVER PARK,7670.0489853462
294,CLAREMONT,HANOVER PARK,9475.98263579514
295,BISHOP LAVIS,ELSIES RIVER,8718.87004013896
296,ELSIES RIVER,BOTHASIG,15661.2312765596
297,BELLVILLE,DELFT,18208.5828906984
298,LOTUS RIVER,WYNBERG,8878.19281773552
299,LOTUS RIVER,WYNBERG,9318.20343044394
300,NORTHPINE,WALLACEDENE,3595.94101830889
301,NORTHPINE,BELLVILLE,20086.4990995951
302,NORTHPINE,DURBANVILLE,14604.2208436633
303,NORTHPINE,BLOEKOMBOS,10328.7289866589
304,BONTEHEUWEL,CAPE TOWN,21611.8949960735
305,DE NOVA,WALLACEDENE,11801.7110736813
306,CAPE TOWN,ORANJEZICHT,5005.1598797697
307,LOTUS RIVER,HANOVER PARK,10722.7785472793
308,KRAAIFONTEIN,KHAYELITSHA,34250.9249243015
309,ATLANTIS(WESFLEUR),WITSAND,3799.57537191474
310,ATLANTIS(WESFLEUR),BELLVILLE,60480.0883104191
311,MAMRE,BELLVILLE,68655.7954295179
312,ATLANTIS(WESFLEUR),BELLVILLE,87412.7293463286
313,CAPE TOWN,ORANJEZICHT,4361.33426568847
314,EERSTERIVIER,DEVON PARK,5977.9845017846
315,EERSTERIVIER,DEVON PARK,1942.29131825726
316,MAITLAND,MITCHELLS PLAIN,32407.1162833946
317,MAITLAND,FACTRETON,6119.39630602339
318,MAITLAND,MONTAGUE GARDENS,14740.3529853012
319,MAITLAND,KILLARNEY,14205.3282214124
320,STEENBERG,RETREAT,11370.361436537
321,STEENBERG,GRASSY PARK,6662.8221952431
322,WYNBERG,HOUT BAY,23347.914246043
323,OTTERY,WYNBERG,7621.10440492687
324,OTTERY,LOTUS RIVER,5641.31103950006
325,LOTUS RIVER,PLUMSTEAD,6235.81246408886
326,LOTUS RIVER,RETREAT,7175.42273912744
327,ELSIES RIVER,PAROW,4907.63654964851
328,BLACKHEATH,EERSTERIVIER,15080.0297056871
329,NETREG,ELSIES RIVER,11356.8977760219
330,NETREG,ELSIES RIVER,9640.7432126594
331,LOTUS RIVER,PLUMSTEAD,10328.5357172609
332,LOTUS RIVER,TOKAI,9476.98936617636
333,LOTUS RIVER,MUIZENBERG,14639.1957400118
334,LOTUS RIVER,MITCHELLS PLAIN,18236.713266327
335,EERSTE RIVER,EERSTE RIVER,5759.2895269737
336,KENSINGTON,BOTHASIG,23474.3864355407
337,KENSINGTON,BELLVILLE,20744.8393881961
338,PELLA,"FABRIEKS AREA,ATLANTIS",16034.6338158755
339,PELLA,"FABRIEKS AREA,ATLANTIS",19303.3394974795
340,ATHLONE,BRIDGETOWN,4645.7916952786
341,ATHLONE,BRIDGETOWN,3756.14620666429
342,ATHLONE,CAPE TOWN,20055.7425184726
343,ATHLONE,CAPE TOWN,20916.5058030538
344,ATHLONE,HANOVER PARK,7041.20844616993
345,ATHLONE,HEIDEVELD,7998.28179357409
346,ATHLONE,BONTEHEUWEL,8139.27781638222
347,ATHLONE,MANENBERG,10268.6902647598
348,STEENBERG,LAVENDER HILL,3771.24715619835
349,STEENBERG,SEA WINDS,4010.89361014946
350,STEENBERG,MONTAGUE GARDENS,4252.51922593174
351,EERSTE RIVER,BLUE DOWNS,10989.880651807
352,ELECTRIC CITY,EERSTE RIVER,7791.41567631827
353,EERSTE RIVER,STRATFORD,3310.43976587761
354,MOWBRAY,LANGA,8928.21217641585
355,KENSINGTON,MONTAGUE GARDENS,20116.8477452163
356,EERSTE RIVER,BELLVILLE,19126.2565159556
357,"LONDON VILLAGE,MITCHELLS PLAIN",TOWN CENTRE(MITCHELLS PLAIN),22918.7162901056
358,GUGULETU,WYNBERG,13597.2466974987
359,KUILSRIVER,BELLVILLE,13594.4094236961
360,"EINDHOVEN,DELFT",MITCHELLS PLAIN,14135.3611035451
361,NYANGA,TYGERBERG STATION,19544.1633394594
362,NYANGA,PAROW,14264.0358014447
363,NYANGA,ELSIES RIVER,13986.6726480967
364,BISHOP LAVIS,ELSIES RIVER,8447.20762027978
365,BELLVILLE,BLOEKOMBOS,18462.6681187607
366,BELLVILLE,BLOEKOMBOS,14532.7677069326
367,LWANDLE,SOMERSET WEST RAILWAY STATION,6908.78046335415
368,MFULENI,KHAYELITSHA,11885.4926726812
369,MFULENI,BELLVILLE,20975.1862716554
370,KHAYELITSHA,MFULENI,9986.41524120597
371,SILVERSANDS,KUILSRIVER,18472.3427376993
372,TOWN CENTRE(MITCHELLS PLAIN),NORTHWOOD,6544.41977355083
373,KHAYELITSHA,NYANGA,10829.8254907836
374,MAITLAND,CAPE TOWN,7148.76935403336
375,MAITLAND,KILLARNEY GARDENS,14220.9805389967
376,STRANDFONTEIN,TOWN CENTRE(MITCHELLS PLAIN),14076.5405973483
377,STRANDFONTEIN,TOWN CENTRE(MITCHELLS PLAIN),13926.9782549587
378,STRANDFONTEIN,WYNBERG,18316.8451597863
379,STRANDFONTEIN,WESTGATE MALL(MITCHELLS PLAIN),12641.7476624106
380,LANGA,KHAYELITSHA,19733.8042466677
381,GRASSY PARK,STEENBERG,6634.37764152946
382,NYANGA,LANGA,10513.7185715189
383,HANOVER PARK,MANENBERG,6563.56143648438
384,BEACON VALLEY(CALYPSO SQUARE),MITCHELLS PLAIN,2490.07751385641
385,CROSS ROADS,CLAREMONT,18588.6556864
386,STRAND,RUSTHOF,7203.43706849826
387,SIR LOWRYS PASS TOWN,MACASSAR,24065.0795483451
388,CAPE TOWN STATION DECK,MANENBERG,22380.4188225059
389,CAPE TOWN STATION DECK,MANENBERG,21062.3174288964
390,KUILSRIVER,MITCHELLS PLAIN,22068.7385988299
391,SILVERSANDS,EERSTERIVIER,9434.58949285337
392,MITCHELLS PLAIN(CALYPSO SQUARE),CAPE TOWN,34820.382829371
393,PAROW,DELFT,22020.2713882287
394,FISH HOEK,MASIPHUMELELE,7194.34798167118
395,BLOEKOMBOS,KHAYELITSHA,31156.8394387698
396,STRAND,VANDER STEL STATION,8747.91657288899
397,STRAND,STRAND NORTH,37013.7428009699
398,KALKFONTEIN,KUILSRIVER,6210.69918793698
399,MFULENI,EERSTE RIVER,7622.11783204313
400,SIR LOWRYS PASS TOWN,LOURENSFORD PLAAS,18170.9680543695
401,SIR LOWRYS PASS TOWN,SOMERSET WEST(HOTTENTOTS HOSPITAL),11451.1123367533
402,SIR LOWRYS PASS TOWN,FIRGROVE (R102),22751.4180823279
403,SIR LOWRYS PASS TOWN,SOMERSET WEST (SUID STREET WESTRIDGE),16085.487377652
404,SIR LOWRYS PASS TOWN,STRAND (AE &CI),16296.3062115215
405,SIR LOWRYS PASS TOWN,SOMERSET WEST,10678.7198677412
406,SIR LOWRYS PASS TOWN,STRAND,20751.447243748
407,SIR LOWRYS PASS TOWN,RUSTHOF (STRAND),21258.8989589465
408,SCOTTSDENE,KHAYELITSHA,28055.7868685739
409,SCOTTSDENE,SCOTTSVILLE,5810.12279110961
410,SCOTTSDENE,BLOEKOMBOS,8221.04335395856
411,SCOTTSDENE,BELLVILLE,13211.0106920819
412,SCOTTSDENE,DURBANVILLE,15671.2008253163
413,KRAAIFONTEIN,BLOEKOMBOS,3715.49081300989
414,KRAAIFONTEIN,SCOTTSDENE,3386.98613442345
415,KRAAIFONTEIN,BRACKENFELL,7474.14309163417
416,BLOEKOMBOS,WALLACEDENE,7123.55771499506
417,BLOEKOMBOS,BELLVILLE,16312.0632622778
418,BLOEKOMBOS,DURBANVILLE,13283.9930347231
419,MFULENI,KUILSRIVER,12127.1010290579
420,TABLE VIEW,YSTERPLAAT,16429.90499001
421,ELSIES RIVER,EDGEMEAD,20872.2013137351
422,KHAYELITSHA,SEA POINT,39919.7759840202
423,ELSIES RIVER,N1 CITY,3892.67201682712
424,ELSIES RIVER,PAROW,8934.27693076118
425,ELSIES RIVER,NORWOOD,2644.11870761715
426,MANENBERG,CLAREMONT,12926.5136041921
427,LWANDLE,SIR LOWRYS PASS TOWN,7241.72857469224
428,LWANDLE,STRAND,6227.94626401832
429,SCOTTSVILLE,BLOEKOMBOS,8201.03416253474
430,SCOTTSVILLE,DURBANVILLE,10091.1768046231
431,BISHOP LAVIS,HYPERAMA PAROW,12374.9402196742
432,HEIDEVELD,CAPE TOWN,21392.5276665049
433,MITCHELLS PLAIN,HANOVER PARK,21288.2764094153
434,BISHOP LAVIS,ELSIES RIVER,8230.40956024768
435,LANGA,MUTUAL STATION,6956.02545849977
436,FIRGROVE,"KRAMAT WAY,MACASSAR",8046.40217847538
437,FIRGROVE,"STEYNRUST RD,SOMERSET WEST",9104.07386799324
438,FIRGROVE,LOURENSFORD,15362.5878807999
439,FIRGROVE,SOMERSET WEST,10608.493500568
440,FIRGROVE,STRAND,11095.3030155353
441,FIRGROVE,STRAND,13640.4722328454
442,FIRGROVE,STRAND,14761.1427110774
443,SOMERSET WEST,WINERY RD,9318.45878099752
444,STRAND,AE & CI STRAND,5619.16393435808
445,MACASSAR,STRAND,21733.9050015291
446,MACASSAR,STRAND,14991.8889217759
447,MACASSAR,SIR LOWRYS PASS TOWN,11599.3042901664
448,SAREPTA,TYGERBERG HOSPITAL,27585.2847312577
449,MITCHELLS PLAIN,HANOVER PARK,19502.6468688117
450,MITCHELLS PLAIN,HANOVER PARK,17153.0060709915
451,GRASSY APRK,RETREAT,8602.86271211357
452,FISH HOEK,NOORDHOEK,6086.41533871119
453,FISH HOEK,KOMMETJIE,14534.5634389467
454,FISH HOEK,OCEAN VIEW,12067.5577960206
455,FISH HOEK,SUN VALLEY,6091.24643254734
456,FISH HOEK,SEA FORTH,10748.5546867234
457,FISH HOEK,WYNBERG,20878.9413794299
458,BONTEHEUWEL,CAPE TOWN,19884.9373237806
459,BONTEHEUWEL,MOWBRAY,14318.3445166097
460,BONTEHEUWEL,ATHLONE,10625.3633272777
461,MANENBERG,MOWBRAY,14294.2742582594
462,OCEAN VIEW,SUN VALLEY,7763.06068083551
463,OCEAN VIEW,SIMONS TOWN,17415.3733214994
464,NORTHPINE,SCOTTSVILLE,9569.73013201361
465,BRACKENFELL STATION,BELLVILLE,7949.97911209891
466,EIKENFONTEIN,DURBANVILLE,11744.0681769948
467,EIKENFONTEIN,SCOTTSDENE,7435.94522327103
468,SCOTTSDENE,EIKENFONTEIN,3544.43602167766
469,SCOTTSDENE,BRACKENFELL STATION,6129.92358604605
470,NORTHPINE,EIKENFONTEIN,2432.82929760007
471,NORTHPINE,BELLVILLE,11949.3133290842
472,NORTHPINE,SCOTTSDENE,4739.62786373154
473,KRAAIFONTEIN,BELLVILLE,15415.2142421016
474,MELTON ROSE,BLUE DOWNS,9069.06198594193
475,MELTON ROSE,TUSCANY GLEN,4055.6378845171
476,MELTON ROSE,TUSCANY GLEN,4077.61291782664
477,MELTON ROSE,EERSTERIVER,2941.75111982992
478,MELTON ROSE,BLACKHEATH,2922.0051846491
479,EERSTERIVER,KLEINVLEI,3745.05470440607
480,EIKENFONTEIN,BLOEKOMBOS,7468.57631999046
481,EIKENFONTEIN,BELLVILLE,13018.0617014653
482,KRAAIFONTEIN,DURBANVILLE,11492.6073020484
483,BLACKHEATH,DENNEGEUR,8930.71290831446
484,BLACKHEATH,BELLVILLE,14393.3043694926
485,MUTUAL,NYANGA,17681.5576745574
486,WYNBERG,CONSTANTIA,9724.41305107995
487,ATHLONE,HANOVER PARK,7041.20844616993
488,ATHLONE,HANOVER PARK,6485.67222363577
489,ATHLONE,HANOVER PARK,6791.70285323921
490,ATHLONE,HANOVER PARK,7126.4580861921
491,BRENTWOOD PARK,KUILSRIVER,10984.273389484
492,TABLE VIEW,CAPE TOWN,29450.499845087
493,TABLE VIEW,KOEBERG,18026.9511669516
494,TABLE VIEW,YSTERPLAAT STATION,16379.0237570964
495,TABLE VIEW,KOEBERG,23539.2316351137
496,SAREPTA,KUILSRIVER,3737.36786766665
497,SAREPTA,BELLVILLE,9479.34072346105
498,KUILSRIVER,INDUSTRIAL AREA,4034.66541754243
499,KUILSRIVER,KALKFONTEIN,6539.25915124961
500,KUILSRIVER,KALKFONTEIN,3737.36786766665
501,KUILSRIVER,"BOTTELARY RD,KUILSRIVER",19540.0546015644
502,KUILSRIVER STATION,BELLVILLE,8809.17878429658
503,KUILSRIVER STATION,"INDUSTRIAL AREA,KUILSRIVER",5484.9001030292
504,KUILSRIVER STATION,KALKFONTEIN,5668.70547814993
505,BLACKHEATH RAILWAY STATION,HAPPY VALLEY,3087.27386471203
506,BLACKHEATH RAILWAY STATION,KUILSRIVER,7260.77029887189
507,MELTON ROSE,PINEPLACE,2347.04544800284
508,MELTON ROSE,EERSTERIVIER,2660.04354830681
509,ELSIES RIVER,MATROOSFONTEIN,5047.78355962946
510,THE HAGUE,BELLVILLE,10459.1517497063
511,MALIBU VILLAGE,MITCHELLS PLAIN,36598.936106927
512,ELSIES RIVER,EINDHOVEN,21112.9315090206
513,NETREG STATION,"SANLAM CENTRE ,PAROW",15636.0131961297
514,MONTANA,ELSIES RIVER,12306.9095247884
515,UNIBELL,THE HAGUE,5607.90329047176
516,UNIBELL,VOORBRUG,6703.06295263063
517,UNIBELL,EINDHOVEN,8151.2422755838
518,ELSIES RIVER,N1 CITY,3822.59610474974
519,BELLVILLE,WELGEMOED,10296.9127190691
520,BELLVILLE,WELGEMOED,9646.17877731951
521,CAPE TOWN,BONTEHEUWEL,19607.0270882555
522,SAREPTA,KUILSRIVER STATION,2916.00150409947
523,KUILSRIVER,BELLVILLE,7562.25620888205
524,KUILSRIVER STATION,SAREPTA,2916.00150409947
525,KHAYELITSHA,CAPE TOWN,31882.2516639216
526,CLAREMONT,NYANGA,16056.8808150934
527,NYANGA,MOWBRAY,21727.3840007462
528,KHAYELITSHA,SOMERSET WEST,20354.2231660416
529,LENTEGEUR STATION,WESTGATE MALL,4932.61505011344
530,GATESVILLE,NYANGA,8076.29245460554
531,TABLE VIEW,KOEBERG RAILWAY STATION,16067.7016992876
532,CLAREMONT,CAPE TOWN,11425.606510582
533,CLAREMONT,WYNBERG,3624.65420105957
534,SEA POINT,GREEN POINT,6457.71215406183
535,CAPE TOWN,"DOCK RD,CAPE TOWN",3154.70856222418
536,CAPE TOWN,GREEN POINT,3442.30913833544
537,N1 CITY,BOTHASIG,15426.3643317538
538,VASCO,N1 CITY,3027.47958218511
539,N1 CITY,GOODWOOD,4445.04199615047
540,N1 CITY,CAPE TOWN,18475.1895371891
541,CAPE TOWN,WYNBERG,15437.9670815763
542,CAPE TOWN,CAMPS BAY,13914.9924491431
543,SOMERSET WEST,STRAND,6535.18994214934
544,SOMERSET WEST,STRAND,7208.84811585008
545,SOMERSET WEST,RUSTHOF,17064.0327789381
546,SOMERSET WEST,CASSABLANCA,12241.6427422743
547,SIR LOWRYS PASS TOWN,SOMERSET WEST,8563.13869476173
548,SIR LOWRYS PASS TOWN,STRAND,13224.4575992745
549,SIR LOWRYS PASS TOWN,GORDONS BAY,8144.92148143775
550,SIR LOWRYS PASS TOWN,LWANDLE,7284.7227276045
551,CAPE TOWN,BONTEHEUWEL,19734.4774016546
552,CAPE TOWN,BONTEHEUWEL,22717.8081383708
553,FIRGROVE,SOMERSET WEST,12944.4412981666
554,MATROOSFONTEIN,ELSIES RIVER,4934.91576185491
555,TABLE VIEW,KOEBERG RAILWAY STATION,15803.2316612494
556,TABLE VIEW,KOEBERG RAILWAY STATION,16222.0542079913
557,BRACKENFELL,"CRAMMIX RD,BRACKENFELL",9977.73906015977
558,VASCO,BOTHASIG,19431.0487980838
559,ELSIES RIVER,BISHOP LAVIS,8909.66073028057
560,KILLARNEY,CAPE TOWN,25190.6562180779
561,KILLARNEY,KOEBERG RAILWAY STATION,25336.8348121441
562,KILLARNEY,YSTERPLAAT,20871.9724536201
563,KILLARNEY,YSTERPLAAT,14886.2079311231
564,KILLARNEY,KOEBERG RAILWAY STATION,15494.1515682382
565,KILLARNEY,KOEBERG RAILWAY STATION,19638.586150344
566,KILLARNEY,MORNINGSTAR,18327.6820778662
567,DOLPHIN BEACH,KOEBERG RAILWAY STATION,22222.4834603714
568,HANOVER PARK,WYNBERG,7611.6564798807
569,WYNBERG,HANOVER PARK,10836.9215724937
570,DELFT,ELSIES RIVER,16785.6652743859
571,GORDONS BAY,STRAND,8596.52881714605
572,GORDONS BAY,SOMERSET WEST,14901.467968487
573,GORDONS BAY,"SOMERSET MALL,SOMERSET WEST",14610.0898725687
574,SOMERSET WEST,MACASSAR,15814.6865560221
575,FIRGROVE,SOMERSET WEST,13339.1230497536
576,MACASSAR,"LOURENSFORD,SOMERSET WEST",11574.5323764939
577,MACASSAR,"SOMERSET MALL,SOMERSET WEST",16416.6426437944
578,NYANGA,MITCHELLS PLAIN,11501.805371791
579,NYANGA,BELLVILLE,15259.2529047683
580,NYANGA,KHAYELITSHA,10769.3785977653
581,TYGERVALLEY SHOPPING CENTRE,BELLVILLE,5605.44562664502
582,TYGERVALLEY SHOPPING CENTRE,DURBANVILLE,6739.5680594404
583,MITCHELLS PLAIN,BELLVILLE,26414.0794938647
584,HEIDEVELD,ATHLONE,11247.401586206
585,NYANGA,TYGERBERG HOSPITAL,25391.3499471836
586,MANENBERG,CAPE TOWN,22123.919937525
587,EINDHOVEN,UNIBELL,8129.43232907415
588,DELFT SOUTH,BELLVILLE,20856.7235000525
589,VOORBRUG,UNIBELL,8857.71355599809
590,MUTUAL STATION,LANGA,7121.93761103554
591,LANGA,NYANGA,13387.0533174351
592,DELFT SOUTH,ELSIES RIVER,23792.348004301
593,PHILIPPI,CLAREMONT,16449.9086957536
594,NYANGA,SEA POINT,32116.6918226161
595,GRASSY PARK,HANOVER PARK,13700.0744019025
596,GUGULETU,SEA POINT,34857.0345156475
597,GUGULETU,CAPE TOWN,21435.2048073583
598,LANGA,SEA POINT,24221.3361114746
599,RETREAT,LAVENDER HILL,7518.616891121
600,RETREAT,REATREAT,9836.76121583917
601,RETREAT,WYNBERG,15513.3214968445
602,RETREAT,POLLSMOOR,7853.22403445958
603,RETREAT,WYNBERG,8001.82355421979
604,RETREAT,FISH HOEK,13518.943114633
605,RETREAT,WYNBERG,12354.4688019445
606,KOEBERG RAILWAY STATION,SUMMERGREENS,11061.4719000375
607,KOEBERG RAILWAY STATION,KILLARNEY,14193.7960798198
608,KOEBERG RAILWAY STATION,PAARDEN EILAND,7433.23209748544
609,KOEBERG RAILWAY STATION,YSTERPLAAT RAILWAY STATION,2753.74708344059
610,KOEBERG RAILWAY STATION,MONTAGUE GARDENS,14581.8512883794
611,WOODSTOCK,CAPE TOWN(STATION DECK),3374.71439468702
612,GORDONS BAY,TEMPERANCE TOWN,9548.63634547163
613,RATANGA JUNCTION CENTURY CITY,KOEBERG RAILWAY STATION,10746.1158212339
614,RATANGA JUNCTION CENTURY CITY,KILLARNEY,10667.7661878614
615,WYNBERG,KENILWORTH CENTRE,3202.1685057259
616,DELFT SOUTH,UNIBELL,12543.2878108973
617,CAPE TOWN,HEIDEVELD,24307.4509143952
618,CAPE TOWN,BRIDGETOWN,18360.8130089674
619,CAPE TOWN,BRIDGETOWN,18379.4763739965
620,SILVERTOWN,ATHLONE,5464.41690774965
621,SILVERTOWN,ATHLONE,5230.2298440752
622,SILVERTOWN,ATHLONE,5354.02793309871
623,BRIDGETOWN,ATHLONE,3438.7396550503
624,BRIDGETOWN,ATHLONE,4273.53436822595
625,BRIDGETOWN,ATHLONE,3213.42842657405
626,SILVERTOWN,CAPE TOWN,14148.7209979889
627,SILVERTOWN,CAPE TOWN,16488.2801001986
628,SILVERTOWN,CAPE TOWN,17145.3924067809
629,SILVERTOWN,CAPE TOWN,16895.3720275421
630,SILVERTOWN,CAPE TOWN,17536.9021249566
631,BRIDGETOWN,CAPE TOWN,15306.2733958731
632,BRIDGETOWN,CAPE TOWN,15128.5909892797
633,BRIDGETOWN,CAPE TOWN,14471.4786826975
634,BRIDGETOWN,CAPE TOWN,15128.5909892797
635,BRIDGETOWN,GATESVILLE,2721.00433387926
636,BRIDGETOWN,GATESVILLE,2880.5090794759
637,SILVERTOWN,MOWBRAY,9547.86215845646
638,SILVERTOWN,MOWBRAY,9322.5509299802
639,BRIDGETOWN,MOWBRAY,8365.85545413095
640,SILVERTOWN,MOWBRAY,9322.5509299802
641,BRIDGETOWN,MOWBRAY,7531.0607409553
642,BRIDGETOWN,MOWBRAY,7305.74951247904
643,BRIDGETOWN,ATHLONE,3922.0265267765
644,KHAYELITSHA,MITCHELLS PLAIN,7277.92000821019
645,RETREAT,HANOVER PARK,18710.7073403225
646,GOODWOOD,N1 CITY,6130.45612234301
647,LANGA,KILLARNEY,18491.5788168223
648,WESBANK,KUILSRIVER,13201.6442219733
649,PENTECH RAILWAY STATION,BELHAR,4354.45690109238
650,ORANJEZICHT,CAPE TOWN,4068.93781775396
651,GUGULETU,CAPE TOWN,20094.3932561955
652,MONTAGUE GARDENS,KOEBERG RAILWAY STATIONS,14102.4551385976
653,DURBANVILLE,TYGERVALLEY CENTRE,8226.88303735964
654,DURBANVILLE,"KLIPHEUWEL RD,DURBANVILLE",19726.0739546046
655,DURBANVILLE,BLOEKOMBOS,13532.4085758067
656,KHAYELITSHA,SEA POINT,40063.7222603111
657,KHAYELITSHA,MOWBRAY,25711.9529624293
658,KHAYELITSHA,WOODSTOCK,30917.1731457941
659,"HAPPY VALLEY ,BLACKHEATH",KUILSRIVER,10037.0764615911
660,NYANGA,BOTHASIG,31084.0855931676
661,CAPE TOWN,SEA POINT,9291.41578779921
662,HEIDEVELD,CAPE TOWN,22331.1691117739
663,HEIDEVELD,CAPE TOWN,19291.2307207508
664,BLUE DOWNS,MITCHELLS PLAIN,46281.0552631884
665,LANGA,NYANGA,13341.2105339995
666,MATROOSFONTEIN,ELSIES RIVER,6671.92530194616
667,MATROOSFONTEIN,EPPING 2,3800.60985173947
668,LANGA,HARARE,31557.5426650486
669,LANGA,MAKHAZA,29894.5358216198
670,SEA POINT,LANGA,23278.7656617187
671,KHAYELITSHA,ELSIES RIVER,22809.9119983229
672,KHAYELITSHA,PAROW RAILWAY STATION,25659.7154010025
673,KHAYELITSHA,TYGERBERG RAILWAY STATION,31864.699711499
674,TYGERBERG RAILWAY STATION,KHAYELITSHA,22029.2593222089
675,MASIPHUMELELE,FISH HOEK,7361.40587493729
676,MALIBU,BLACKHEATH,5176.40326401092
677,MALIBU,BELLVILLE,19338.8378028787
678,MALIBU,EERSTE RIVER,8534.33534929118
679,BELLVILLE,GROOTTE SCHUUR HOSPITAL,26861.1562215035
680,BRENTWOOD PARK,KUILSRIVER,16773.8730718072
681,BRENTWOOD PARK,BELLVILLE,15684.6483020843
682,DELFT SOUTH,CAPE TOWN,35443.6658305646
683,UNIBELL,DELFT SOUTH,12520.3860317413
684,SAMORA MACHEL,CAPE TOWN,25615.1434658565
685,NORWOOD,ELSIES RIVER,4835.43908415447
686,KHAYELITSHA (KUWAIT),MITCHELLS PLAIN,9993.34403236342
687,KHAYELITSHA (KUWAIT),MITCHELLS PLAIN,12320.1894696642
688,KHAYELITSHA (SITE B),MITCHELLS PLAIN,9114.71437546527
689,KHAYELITSHA (MAKHAZA),MITCHELLS PLAIN,13329.7603092725
690,KHAYELITSHA (TOWN 2),MITCHELLS PLAIN,10871.583374485
691,KHAYELITSHA (LUZUKO RANK),MITCHELLS PLAIN,9979.19207898472
692,KHAYELITSHA (HARARE),MITCHELLS PLAIN,8257.83002292736
693,KHAYELITSHA (MAKAYA),MITCHELLS PLAIN,12119.9356707948
694,LANGA,CAPE TOWN,15135.6211593699
695,OCEAN VIEW,KOMMETJIE,4343.66708644714
696,KHAYELITSHA,TABLE VIEW,42436.878441846
697,KUWAIT,HARARE,23992.2924857956
698,KUWAIT,MAKHAZA,23533.1593353717
699,KUWAIT,MAKHAZA,13859.6223265629
700,KRAAIFONTEIN,WALLACEDENE,4734.54411855299
701,KRAAIFONTEIN,BLOEKOMBOS,5476.85264117935
702,KRAAIFONTEIN,DE NOVA,10911.5207744461
703,WALLACEDENE,DURBANVILLE,11276.8547354752
704,OCEAN VIEW,MURDOCK VALLEY,24252.5676466351
705,OCEAN VIEW,NOORDHOEK,16273.6818613289
706,DELFT SOUTH,PAROW,21704.2275704216
707,DELFT SOUTH,PAROW,21455.6492536621
708,PENTECH STATION,DELFT SOUTH,12739.7603972032
709,UNIBELL,ELSIES RIVER,34780.4403236812
710,KHAYELITSHA,DELFT,9351.03245139479
711,KHAYELITSHA,WESBANK,13679.925851414
712,HEIDEVELD,CAPE TOWN,17950.419169588
713,MUTUAL RAILWAY STATION,LANGA,7121.93761103554
714,BLOEKOMBOS,BELLVILLE,16638.1541896694
715,WALLACEDENE,BELLVILLE,14558.5744682849
716,LANGA,GUGULETU,13341.2105339995
717,KHAYELITSHA,NYANGA,11846.2177121142
718,KHAYELITSHA,LANGA,24777.3873800187
719,KHAYELITSHA,LANGA,22950.4455078934
720,DU NOON,BOTHASIG,13373.4584925094
721,DU NOON,MAITLAND RAILWAY STATION,17203.5143934703
722,WESBANK,BELLVILLE,21057.1592110385
723,BELLVILLE,DURBANVILLE,11434.0700090215
724,EERSTE RIVER,FOREST HEIGHTS,10379.285344339
725,DELFT SOUTH,MITCHELLS PLAIN,10058.6438850366
726,NYANGA,CAPE TOWN,22547.9253819911
727,BELLVILLE,ATLANTIS,3650.04043719939
728,LWANDLE,LOURENSFORD FARM,15781.1425614052
729,WYNBERG,CROSS RAODS,25783.9233434609
730,CAPE TOWN,SALT RIVER,6733.2433895558
731,NYANGA,WYNBERG (VIA CLAREMONT),17761.0718813196
732,CROSS ROADS,WYNBERG (VIA CLAREMONT),20754.3045124434
733,GUGULETU,CLAREMONT (VIA WYNBERG),20970.3548735668
734,CROSS ROADS,CLAREMONT (VIA WYNBERG),21238.9948559092
735,KHAYELITSHA,FISANTEKRAAL,44411.3860020437
736,LWANDLE,SOMERSET WEST (VIA MEDI CITY),9054.79091611173
737,BELHAR,BELLVILLE,18716.3960484423
738,BELLVILLE,MITCHELLS PLAIN,26794.3382601444
739,EINDHOVEN,MITCHELLS PLAIN,13236.4311284735
740,VASCO,BOTHASIG,12390.0567608461
741,VASCO,BOTHASIG,12909.3016561602
742,MITCHELLS PLAIN,WYNBERG,23221.2915464529
743,MITCHELLS PLAIN,WYNBERG,29058.2823589978
744,EERSTE RIVER,BELLVILLE,28302.5931985211
745,TYGERBERG RAILWAY STATION,TYGERBERG HOSPITAL,4406.25165072267
746,TYGERBERG RAILWAY STATION,RAVENSMEAD,8583.35392026164
747,TYGERBERG RAILWAY STATION,RAVENSMEAD,3792.56208878036
748,WESBANK,EERSTE RIVER,16676.0147084135
749,DURBANVILLE,VISSERSHOK FARM,10736.4215098816
750,TYGERBERG HOSPITAL,DELFT SOUTH,21745.2474121825
751,KALKFONTEIN,BELLVILLE,11941.0867743107
752,BLOEKOMBOS,KRAAIFONTEIN STATION,3715.49081300989
753,BLOEKOMBOS,DURBANVILLE,9188.65288990175
754,KRAAIFONTEIN,JOOSTENBERG VLAKTE,38238.8572388018
755,SANLAM CENTRE PAROW,DELFT,22096.6577077181
756,EERSTE RIVER,MITCHELLS PLAIN,36245.4492529815
757,EERSTE RIVER,MITCHELLS PLAIN,19540.6207821814
758,EERSTE RIVER,MITCHELLS PLAIN,25679.7987307088
759,MELTON ROSE,EERSTE RIVER,3397.77035009237
760,SAMORA MACHEL,SEA POINT,33344.5543124075
761,KHAYELITSHA,WYNBERG (VIA CLAREMONT),28180.5301318888
762,KHAYELITSHA,CLAREMONT (VIA WYNBERG),25916.5486079864
763,BELLVILLE,WESBANK,13339.3270098823
764,UNIBELL,BELLVILLE,24967.754494416
765,GUGULETU,BELLVILLE,18389.1246672275
766,LANGA,WYNBERG,15494.4390453038
767,LANGA,MOWBRAY (VIA WYNBERG),23883.2750828671
768,SAMORA MACHEL,SEA POINT,33344.5543124075
769,NYANGA,CLAREMONT (VIA WYNBERG),17761.0718813196
770,KOEBERG STATION,TABLE VIEW,18040.7991175708
771,LANGA,BELLVILLE,15853.9780588745
772,KHAYELITSHA,MAITLAND,32113.5666848955
773,TYGERBERG STATION,RAVENSMEAD,8031.21421602807
774,TYGERBERG STATION,RAVENSMEAD,5026.86182304985
775,KOEBERG STATION,TABLE VIEW,18040.7991175708
776,SIR LOWRYS PASS,SOMERSET WEST,11371.4083185202
777,KHAYELITSHA,MAITLAND,31908.5403004356
778,BLOEKOMBOS,KRAAIFONTEIN (SHOPRITE),5672.07372378411
779,GOODWOOD STATION,TABLE VIEW,19097.7659112751
780,GOODWOOD STATION,MONTAGUE GARDENS,18686.4225229237
781,SEA POINT,NYANGA,32590.5206665949
782,KRAAIFONTEIN,WALLACEDENE,6088.16921610711
783,KRAAIFONTEIN,BRACKENFELL STATION,7108.39806369857
784,KRAAIFONTEIN,BOTFONTEIN - BOTLARY FARMS,6347.80247178078
785,KRAAIFONTEIN,DE NOVA,9918.38941459676
786,KRAAIFONTEIN,BELLVILLE,15801.7469056016
787,KRAAIFONTEIN,DURBANVILLE,9615.36705037796
788,KRAAIFONTEIN,GOLIATH ESTATE,4391.09406471104
789,PENTECH,PAROW,33810.6185518762
790,RATANGA JUNCTION,MAITLAND RAILWAY STATION,10735.3673716151
791,UNIBELL RAILWAY STATION,PAROW RAILWAY STATION,35819.8266408287
792,WESBANK,ELSIES RIVER STATION,18613.9330887413
793,STEENBERG,HILLVIEW,20789.408181214
794,STEENBERG,"CAPRICORN,RETREAT",13632.1607300745
795,STEENBERG,"SEAWINDS,RETREAT",18173.4458449386
796,STEENBERG,"7TH & 11TH AVE,RETREAT",8659.06031940217
797,STEENBERG,"BLUE ROUTE,TOKAI",3103.63050652229
798,STEENBERG,MUIZENBERG,9081.980110718
799,STEENBERG,GRASSY PARK,6662.8221952431
800,MITCHELLS PLAIN(TOWN CENTRE),MUIZENBERG,22433.6389738778
801,RETREAT,LAVENDER HILL,8267.42878607811
802,RETREAT,MONTAGUE VILLAGE,10576.2915913693
803,RETREAT,STEENBERG(HILLVIEW),13111.2599068007
804,RETREAT,VRYGROND - STEENBERG,14943.096232613
805,RETREAT,WESTLAKE - RETREAT,15246.2631578991
806,RETREAT,WESTLAKE M3 - RETREAT,14357.9638265238
807,RETREAT,WESTLAKE - TOKAI,16032.4007065635
808,RETREAT,STEENBERG,7634.32353688635
809,RETREAT,RETREAT,7124.55749015371
810,RETREAT,WYNBERG,8187.95338369016
811,RETREAT,CONSTANTIA - WYNBERG,10924.5015322898
812,RETREAT,CONSTANTIA - WYNBERG,23589.7407873997
813,RETREAT,MUIZENBERG-FISH HOEK,18026.9271430725
814,RETREAT,FISH HOEK,13468.4772602788
815,DELFT SOUTH,ELSIES RIVER,22763.929209071
816,EINDHOVEN,BELLVILLE,13976.5316227099
817,WYNBERG,CONSTANTIA (SWEET VALLEY),15064.6780579017
818,PAROW,DELFT,23237.0566542019
819,"SANLAM CENTRE,PAROW",DELFT,17970.9830466491
820,"SANLAM CENTRE,PAROW",DELFT,21363.8625133216
821,"TOWN CENTRE,MITCHELLS PLAIN",BELLVILLE,26651.8293725402
822,MUTUAL,LANGA (BHUNGA),8623.21924521696
823,SEA POINT,EYONA,29072.1201588279
824,SEA POINT,EYONA,37797.9160096969
825,KHAYELITSHA,GOODWOOD-MAITLAND-KILLARNEY,50581.5034038332
826,MOWBRAY,NYANGA,18644.287024502
827,7TH AVENUE MITCHELLS PLAIN,BELLVILLE RAILWAY STATION,26666.5319370489
828,DU NOON,MONTAGUE GARDENS,9523.49016677771
829,DU NOON,JOE SLOVO PARK,11925.3821790387
830,RATANGA JUNCTION,GOODWOOD,10432.3562542403
831,RATANGA JUNCTION,GOODWOOD,19876.9541999198
832,STRAND,RUSTHOF,4738.36203426273
833,STRAND,RUSTHOF,8615.01485876622
834,STRAND,LOURENSFORD & VERGELEGEN,23726.136788216
835,STRAND,HOTTENTOTS HOLLAND HOSPITAL,19257.7108979336
836,NYANGA,MITCHELLS PLAIN,14442.4073935427
837,NYANGA,SAMORA MACHEL,7338.96656870064
838,NYANGA,PHILIPPI,3125.15679768214
839,NYANGA JUNCTION,PHILIPPI,7826.72058436098
840,NYANGA,HEIDEVELD STATION,4991.439549422
841,NYANGA,NYANGA JUNCTION,3548.33646975836
842,PHILIPPI,NYANGA TERMINUS,2926.19308465212
843,PHILIPPI,MITCHELLS PLAIN,10530.2981637188
844,PHILIPPI,CROSS ROADS,7270.98288895522
845,PHILIPPI,HEIDEVELD,8677.77245050878
846,PHILIPPI,NYANGA JUNCTION,5619.69725722871
847,PHILIPPI,SAMORA MACHEL,7803.53367838667
848,NYANGA JUNCTION,NYANGA,4905.33222150406
849,NYANGA JUNCTION,PHILIPPI,6152.26465075783
850,NYANGA JUNCTION,SAMORA MACHEL,6630.59168332911
851,NYANGA JUNCTION,CROSS ROADS,8070.79170698201
852,NYANGA JUNCTION,HEIDEVELD STATION,3827.93044537335
853,NYANGA JUNCTION,TAMBO VILLAGE,4269.83683323987
854,RETREAT,RETREAT STATION,7940.62032204805
855,NYANGA,GUGULETU,6449.18671155889
856,NYANGA,PHILIPPI - LOWER CROSS ROADS,6751.9773460007
857,GUGULETU,NYANGA,4007.12618572452
858,GUGULETU,PHILIPPI - LOWER CROSS ROADS,8458.90601502934
859,PHILIPPI,GUGULETU,6139.20824230118
860,PHILIPPI,NYANGA,2880.35030121648
861,PHILIPPI,LOWER CROSS ROADS,5103.92115434322
862,LOWER CROSS ROADS,NYANGA,4772.01538260249
863,LOWER CROSS ROADS,GUGULETU,7636.07363544798
864,LOWER CROSS ROADS,PHILIPPI,5086.58930051498
865,KHAYELITSHA,MFULENI,6528.29765014543
866,NYANGA,WYNBERG,14183.6397281474
867,NYANGA,WYNBERG (VIA GUGULETU VIA CLAREMONT),25296.9015415052
868,NYANGA,WYNBERG (VIA GUGULETU VIA CLAREMONT),22515.7599866264
869,NYANGA,WYNBERG (VIA LOWER CROSS ROADS VIA PHILIPPI),22026.6530200181
870,NYANGA,CLAREMONT (VIA GUGULETU),22042.8349724027
871,NYANGA,CLAREMONT (GUGULETU),18870.8537754585
872,NYANGA,CLAREMONT (VIA PHILIPPI),19586.7682320772
873,NYANGA,CLAREMONT (VIA CROSS ROADS),19844.9557140865
874,NYANGA,WYNBERG (VIA GUGULETU),15621.4274676183
875,NYANGA,WYNBERG (VIA PHILIPPI),17635.5909291054
876,NYANGA,WYNBERG (VIA CROSS ROADS),17832.5874044948
877,KHAYELITSHA,EERSTE RIVER,9171.42800963404
878,KHAYELITSHA,BLACKHEATH,11850.8184407427
879,KHAYELITSHA,KUILSRIVER,16422.0197822878
880,KHAYELITSHA,LWANDLE,28565.9754266179
881,NYANGA TERM,MITCHELLS PLAIN,12135.4981519239
882,NYANGA,MITCHELLS PLAIN (VIA LOWER CROSS ROADS),10959.4961889999
883,NYANGA TERM,SAMORA MACHEL,7338.96656870064
884,YSTERPLAAT,MAITLAND,2708.49650289176
885,YSTERPLAAT,PARKLANDS,18067.6759619979
886,YSTERPLAAT,MONTAGUE GARDENS,13931.733799295
887,YSTERPLAAT,METRO INDUSTRY(PAARDEN EILAND),4751.26135279776
888,YSTERPLAAT,KILLARNEY,13291.0914933833
889,KHAYELITSHA,FISH HOEK,39887.2432562961
890,CROOS ROADS(JO-BURG STORES),CLAREMONT,14911.5559771767
891,FISH HOEK,RETREAT,14093.4436985334
892,LANGA,WYNBERG,15519.2960537044
893,WYNBERG,NYANGA,19854.1629013636
894,LANGA,NYANGA,11982.3848960824
895,SAMORA MACHEL,CLAREMONT,15035.4910693049
896,SAMORA MACHEL,CLAREMONT (VIA WYNBERG),16607.7796763661
897,ATLANTIS(WESFLEUR),FARMS(ATLANTIS),13031.2516087417
898,BELLVILLE,FISANTEKRAAL,22309.0152824172
899,BELLVILLE,CENTURY CITY (VIA N1),19937.0637671906
900,BELLVILLE,CENTURY CITY (VIA VOORTREKKER RD),20205.5753091912
901,SAXON WORLD,BELLVILLE,89439.7454027037
902,SAXON WORLD,LANGA STATION,69636.3197710586
903,RETREAT,RETREAT STATION,10742.5927884743
904,DU NOON,CAPE TOWN,21531.5717870332
905,DU NOON,SUMMER GREENS,10888.432800343
906,DU NOON,PARKLANDS,12301.57879906
907,LANGA,DELFT,15135.45272487
908,LEIDEN DELFT,ELSIES RIVER,17397.7371961743
909,LOWER CROSS ROADS,CAPE TOWN,31256.8110738443
910,CLAREMONT,LANGA,15002.8963835558
911,CLAREMONT,NYANGA,21638.7966764112
912,CLAREMONT,NYANGA,17990.5958190214
913,MASIPHUMELELE,SIMONS TOWN,25690.7928975786
914,WESBANK,BELLVILLE,13294.5863550385
915,CAPE TOWN,BELLVILLE,24041.7438749266
916,CROSS ROADS (JO-BURG STORES),WYNBERG,12899.187667585
917,CROSS ROADS (JO-BURG STORES),WYNBERG (VIA CLAREMONT),14854.0104550995
918,CROSS ROADS (JO-BURG STORES),CLAREMONT(VIA WYNBERG),16430.7770373215
919,EYONA,CAPE TOWN,20094.3932561955
920,GUGULETU,KHAYELITSHA,15492.4532534314
921,GUGULETU,LANGA,15921.1504680059
922,BELLVILLE,LOWER CROSS ROADS,20621.8313230924
923,KHAYELITSHA,MONTE VISTA,37245.7267303673
924,KHAYELITSHA,DE LA REY,42086.9019739794
925,KHAYELITSHA,GOODWOOD,25747.9122679735
926,KALKFONTEIN,KUILSRIVER,5038.60477580177
927,CAPE TOWN,GARDENS,3428.13325433211
928,CAPE TOWN,ORANJEZICHT,4097.63592182797
929,CAPE TOWN,CABLE WAY STATION,12459.618035362
930,HAPPY VALLEY,BELLVILLE,16935.6527498486
931,MFULENI,KUILSRIVER,15078.2803593557
932,WYNBERG,CENTURY CITY,22986.8007774737
933,WYNBERG,CENTURY CITY,32909.9328151568
934,WYNBERG,CENTURY CITY,29193.0842832276
935,WYNBERG,CENTURY CITY,30609.7192662194
936,PAROW,DELFT,19688.19662396
937,MUIZENBERG,MITCHELLS PLAIN,23947.8840846299
938,MITCHELLS PLAIN,CENTURY CITY,36590.9568781673
939,MITCHELLS PLAIN,CENTURY CITY,37866.7942119035
940,MITCHELLS PLAIN,CENTURY CITY,39979.0502935536
941,BELLVILLE,DU NOON,26240.1847625063
942,DELFT,WYNBERG,18702.4019458617
943,MASIPHUMELELE,NOORDHOEK,10312.5065991963
944,DELFT,WYNBERG (VIA CLAREMONT),24372.7308116443
945,LANGA,MOWBRAY,14937.6865530528
946,NYANGA,GOODWOOD,17820.1383443723
947,CAPE TOWN,RUYTERWACHT (VIA GARDEN VILLAGE),23754.6652189568
948,WYNBERG,BISHOPS COURT,12587.885819217
949,"LEIDEN,DELFT",BELLVILLE,13140.5423347177
950,KHAYELITSHA,CENTURY CITY,31562.3456127291
951,CAPE TOWN (STATION DECK),FRANKDALE,42598.219876978
952,CAPE TOWN (STATION DECK),SANDRIFT - MONTAGUE GARDENS,18439.0404939049
953,CAPE TOWN (STATION DECK),TABLE VIEW,26889.5851960715
954,MOWBRAY,CENTURY CITY,12160.2763080788
955,GUGULETU,MOWBRAY,19303.0906964841
956,LEIDEN,ELSIES RIVER,18880.2292423804
957,DELFT,WYNBERG,19140.7075847616
958,LOWER CROSS ROADS,WYNBERG,17386.5478325039
959,PHILIPPI,WYNBERG,14495.0859082391
960,DELFT,WYNBERG AND RETURN,42284.4259908689
961,LOWER CROSSROADS,WYNBERG (VIA CLAREMONT),23041.5284751023
962,NYANGA TAXI RANK,DELFT,12545.3286303734
963,SAMORA MACHEL,WYNBERG,13335.850111361
964,LEIDEN,BELLVILLE,13159.7329567806
965,KHAYELITSHA,MACASSAR,21566.5798187983
966,WYNBERG,LANGA,15720.2547072487
967,MASIPHUMELELE,KOMMETJIE,7531.0930058128
968,YSTERPLAAT,MITCHELLS PLAIN,33836.928647911
969,KALKFONTEIN,KUILSRIVER,5038.60477580177
970,SURBURBAN BLISS,ATHLONE,24243.8284328154
971,SURBURBAN BLISS,MOWBRAY,28186.3922354024
972,SURBURBAN BLISS,CAPE TOWN,35126.8101771446
973,SURBURBAN BLISS,CAPE TOWN,35685.4355809352
974,SURBURBAN BLISS,SEA POINT,44754.1874412612
975,SURBURBAN BLISS,ELSIES RIVER,18988.5874105846
976,SURBURBAN BLISS,PAROW,19243.6478672851
977,CROSS ROADS(JO-BURG STORES),CLAREMONT,14854.0104550995
978,MOWBRAY,CAPE TOWN,19064.1119491935
979,MOWBRAY,CENTURY CITY,22631.305947841
980,WESBANK,PAROW STATION,15509.98844387
981,MUTUAL RAILWAY STATION,BELLVILLE,7693.2011002746
982,MUTUAL RAILWAY STATION,LANGA,17058.802653588
983,LWANDLE,SOMERSET WEST (VIA DENNEGEUR),10834.3684061385
984,LWANDLE,HELDERVUE (SOMERSET WEST),13680.8659524958
985,LWANDLE,SANDVLEI,15340.8644936844
986,LWANDLE,SOMERSET WEST(VIA NOMZAMO),9963.23317691603
987,WALLACEDENE,BLOEKOMBOS,5694.79850348728
988,LWANDLE,GORDONS BAY,6936.60317561996
989,KHAYELITSHA,WYNBERG,22488.4462484309
990,NORTHPINE,WALLACEDENE,5524.60932544343
991,DU NOON,CAPE TOWN (VIA VOORTREKKER ROAD),22574.093265673
992,DELFT SOUTH,EPPING (VIA MODDERDAM ROAD),21217.1531368226
993,DELFT SOUTH,EPPING (VIA 35TH STREET & OWEN ROAD),18967.3934722421
994,HANOVER PARK,CAPE TOWN (VIA KROMBOOM PARKWAY),19111.7663530618
995,HANOVER PARK,CAPE TOWN (VIA FREEWAY),21533.8000180702
996,HANOVER PARK,CAPE TOWN,22045.866883356
997,CAPE TOWN,SUMMER GREENS (VIA PHOENIX VILLAGE & JOE SLOVO),16633.9559449362
998,CAPE TOWN,SUMMER GREENS,15795.8560549382
999,CAPE TOWN,CAMBRIDGE (VIA BROOKLYN & RUGBY),11623.0630577512
1000,MFULENI,SOMERSET WEST,27244.9755496006
1001,MFULENI,STELLENBOSCH,27884.2719003451
1002,TOWN CENTRE CALYPSO SQUARE MITCHELLS PLAIN,MUIZENBERG,25530.7861707702
1003,RETREAT,"ATHLONE (VIA KLIP RD, PLANTATION, WETTON, LANSDOWNE & JAN SMUTS DR)",19300.5066454847
1004,RETREAT,ATHLONE (VIA M5 & KLIPFONTEIN RD),17528.7058556096
1005,MUTUAL STATION,"MUTUAL RAILWAY STATION (VIA PINELANDS, FOREST DR & RINGWOOD DR)",8884.67896274712
1006,VOORBRUG DELFT,"MITCHELLS PLAIN (VIA LEIDEN, HINDLE, R300 & AZ BERMAN DR)",17007.3125350808
1007,TOWN CENTRE MITCHELLS PLAIN,JOHANNES MEINTJIES LENTEGEUR,6157.36215900195
1008,VOORBRUG DELFT,"MITCHELLS PLAIN (VIA LEIDEN, HINDLE, R300 & AZ BERMAN DR)",17007.3125350808
1009,SAMORA MACHEL,CLAREMONT,9432.58386656567
1010,NYANGA,TAMBO VILLAGE,20657.2676153869
1011,TOWN CENTRE CALYPSO SQUARE MITCHELLS PLAIN,CAPE TOWN (VIA MOWBRAY),32969.2539797694
1012,TOWN CENTRE CALYPSO SQUARE MITCHELLS PLAIN,"CAPE TOWN (VIA N2, LIESBEECK PRKWY, STATION RD, MAIN RD)",35829.5609045985
1013,TOWN CENTRE CALYPSO SQUARE MITCHELLS PLAIN,"CAPE TOWN (VIA N2, EASTERN BLVD)",35622.2262253231
1014,TOWN CENTRE CALYPSO SQUARE MITCHELLS PLAIN,CAPE TOWN (VIA BORCHERDS QUARRY & N2),33211.6305331679
1015,TOWN CENTRE CALYPSO SQUARE MITCHELLS PLAIN,"CAPE TOWN (VIA SAMORA MACHEL, VANGUARD, N2)",34846.350647839
1016,TOWN CENTRE CALYPSO SQUARE MITCHELLS PLAIN,"CAPE TOWN (HIGHLANDS DR, VANGUARD, N2)",34438.0845994917
1017,KHAYELITSHA SITE C,PLATTEKLOOF,33361.5317889356
1018,RETREAT,"ATHLONE (VIA M5, OTTERY RD, ROSMEAD, MILNER & KLIPFONTEIN)",20081.9403473156
1019,KHAYELITSH SITE C,PANORAMA,29132.0911072769
1020,LWANDLE,SOMERSET WEST MALL,10206.228566597
1021,LWANDLE,HELDERVUE (SOMERSET WES),14225.840432435
1022,LWANDLE,SOMERSET WEST,7665.28479069588
1023,LWANDLE,KOGGELBAAI,30981.8082122088
1024,KHAYELITSH SITE C,MONTE VISTA,32555.4640591204
1025,TOWN CENTRE CALYPSO SQUARE MITCHELLS PLAIN,CAPE TOWN (VIA MOWBRAY),32969.2539797694
1026,TOWN CENTRE CALYPSO SQUARE MITCHELLS PLAIN,"CAPE TOWN (VIA N2, LIESBEECK PRKWY, STATION RD, MAIN RD)",35829.5609045985
1027,KHAYELITSHA SITE C,KILLARNEY,33800.1400228258
1028,GUGULETU,MOWBRAY,13002.3103265359
1029,YSTERPLAAT RAILWAY STATION,MONTAGUE GARDENS,11070.1525257573
1030,YSTERPLAAT RAILWAY STATION,FRANKDALE,41310.2145943556
1031,YSTERPLAAT RAILWAY STATION,SANDRIF,7184.82315724376
1032,YSTERPLAAT RAILWAY STATION,MILNERTON,8562.2151172333
1033,YSTERPLAAT RAILWAY STATION,CAMBRIDGE,5643.85407264545
1034,YSTERPLAAT RAILWAY STATION,MONTAGUE GARDENS (VIA SANDRIF),14375.5726912074
1035,KALKFONTEIN,SHOPRITE KUILSRIVER,7614.37055421883
1036,VREDENDAL,CAPE TOWN,147689.23157517
1037,STELLENBOSCH (DU TOIT STATION),BELLVILLE,31402.7054680422
1038,TOWN CENTRE CALYPSO SQUARE MITCHELLS PLAIN,CAPE TOWN (VIA MERRYDALE),38055.3108914467
1039,TOWN CENTRE CALYPSO SQUARE MITCHELLS PLAIN,"CAPE TOWN (VIA N2, EASTERN BLVD)",34605.5141304844
1040,TOWN CENTRE CALYPSO SQUARE MITCHELLS PLAIN,CAPE TOWN (VIA BORCHERDS QUARRY & N2),33211.6305331679
1041,TOWN CENTRE CALYPSO SQUARE MITCHELLS PLAIN,"CAPE TOWN (VIA SAMORA MACHEL, VANGUARD, N2)",34846.350647839
1042,GUGULETU,CLAREMONT,15556.5926174848
1043,PHILIPPI,ATHLONE,14573.9136427061
1044,PHILIPPI,MOWBRAY,18592.6189862923
1045,PHILIPPI,CAPE TOWN,27025.5134671147
1046,DU NOON,BELLVILLE,22242.4258379596
1047,WYNBERG,HOUT BAY,22834.3755638631
1048,BELLVILLE,DU NOON,22496.3283146056
1049,LWANDLE,SIR LOWRY'S PASS,7241.72857469224
1050,SAMORA MACHEL,CAPE TOWN,25325.276647032
1051,KRAAIFONTEIN,SCOTTSVILLE  - BRACKENFELL,12072.4356389286
1052,BLOEKOMBOS,BELLVILLE (VIA WALLACEDENE),42404.1261787722
1053,NORTHPINE,BELLVILLE,21029.8715959526
1054,BLOEKOMBOS,SCOTTSVILLE,11501.188983937
1055,SCOTTSVILLE,BELLVILLE,12936.8869832213
1056,SCOTTSVILLE,SCOTTSDENE,9446.10789377881
1057,BRACKENFELL STATION,DURBANVILLE,16366.3319475934
1058,NORTHPINE,CAPE GATE (VIA PROTEA HEIGHTS),23032.2643672138
1059,SCOTTSDENE,CAPE GATE,5714.27131663777
1060,NORTHPINE,CAPE GATE,3764.71111290657
1061,EIKENFONTEIN,CAPE GATE,4833.45948528769
1062,SCOTTSVILLE,CAPE GATE,3152.4019030522
1063,BLOEKOMBOS,CAPE GATE,8036.29839013153
1064,WALLACEDENE,CAPE GATE,6969.11308209114
1065,KRAAIFONTEIN,CAPE GATE,7230.61202592403
1066,BLOEKOMBOS,CAPE GATE (VIA MAROELA RD & N1),10610.7955428583
1067,KHAYELITSHA,PANORAMA (VIA ELSIES RIVER),47974.7802421118
1068,BELLVILLE,CAPE TOWN,24064.1965644809
1069,LANGA,VANGATE MALL,2986.37278975918
1070,BONTEHEUWEL,VANGATE MALL,6793.66534070072
1071,PHILIPPI,VANGATE MALL,11735.106019866
1072,NYANGA,VANGATE MALL,8616.66712638918
1073,GUGULETU,VANGATE MALL,6208.93867566031
1074,GUGULETU,VANGATE MALL,6208.93867566031
1075,SAMORA MACHEL,VANGATE MALL,12281.7706172191
1076,HANOVER PARK,VANGATE MALL (VIA BELGRAVIA RD),9266.28456194233
1077,HANOVER PARK,VANGATE MALL (VIA NEWFIELDS),5658.65059596884
1078,HANOVER PARK,VANGATE MALL (VIA VAGUARD DR),6438.24282864742
1079,BONTEHEUWEL,VANGATE MALL,6793.66534070072
1080,HEIDEVELD,VANGATE MALL (VIA HEIDEVELD),4653.09428086449
1081,HEIDEVELD,VANGATE MALL (VIA DEVILS PEAK RD & KLIPFONTEIN RD),4022.58862184154
1082,HEIDEVELD,VANGATE MALL (VIA HEIDEVELD & 5TH AVENUE),5752.1292562977
1083,HANOVER PARK,VANGATE MALL (VIA VAGUARD DR),6438.24282864742
1084,KHAYELITSHA SITE C,VANGATE MALL (VIA N2),17268.2052369849
1085,HANOVER PARK,VANGATE MALL (VIA VAGUARD DR),6438.24282864742
1086,HANOVER PARK,VANGATE MALL (VIA NEWFIELDS),5658.65059596884
1087,ATHLONE,VANGATE MALL (VIA BRIDGETOWN),5323.79509393588
1088,ATHLONE,VANGATE MALL (VIA BRIDGETOWN),5616.80271663225
1089,LEIDEN DELFT,CAPE TOWN (VIA N2 & MAIN RD),35695.9553614135
1090,FEZEKA,MITCHELL'S PLAIN,12775.0587901897
1091,SAMORA MACHEL,MITCHELL'S PLAIN,10141.3541942031
1092,LWANDLE,HELDERBERG (VIA HELDERVUE),31457.6746623216
1093,PHILIPPI STATION TRANSPORT INTERCHANGE,MITCHELLS PLAIN,15185.9113404092
1094,NYANGA STATION PUBLIC TRANSPORT INTERCHANGE,MITCHELLS PLAIN (VIA FEZEKA),14626.9089993502
1095,ATHLONE,BRIDGETOWN (VIA VANGATE MALL),5731.91012190692
1096,IMIZAMO YETHU,HOUT BAY DAY HOSPITAL,5161.02396613028
1097,IMIZAMO YETHU,SHOPRITE HOUT BAY,3430.98290546641
1098,KENSINGTON,"BELLVILLE (VIA CAPE TOWN, N1, VANGUARD DR & VOORTREKKER RD)",41378.5952276821
1099,KENSINGTON,"BELLVILLE (VIA CAPE TOWN, N1 & DURBAN RD)",41312.7631165913
1100,LANGA,"BELLVILLE (VIA N2, CAPE TOWN, N1, VANGUARD DR & VOORTREKKER RD)",43577.594394554
1101,LANGA,"BELLVILLE (VIA N2, CAPE TOWN, N1, & DURBAN RD)",43511.7622834632
1102,KHAYELITSHA SITE C,"BELLVILLE (VIA N2, CAPE TOWN, N1, VANGUARD DR & VOORTREKKER RD)",60994.1873540859
1103,KHAYELITSHA SITE C,"BELLVILLE (VIA N2, CAPE TOWN, N1, & DURBAN RD)",60928.3552429951
1104,MACASSAR,SOMERSET WEST,23318.4201366018
1105,MFULENI,TYGERBERG RAILWAY STATION (VIA ELSIES RIVER & PAROW),33199.945592487
1106,MFULENI,ELSIES RIVER,24678.3826244008
1107,LWANDLE,SOMERSET WEST,7813.43692762586
1108,LWANDLE,SOMERSET WEST RAILWAY STATION,6939.23712820745
1109,LWANDLE,SIR LOWRYS PASS,7629.27976367375
1110,MAITLAND STATION,KILLARNEY & DU NOON (VIA N1 & N7),21372.123798068
1111,MAITLAND STATION,SUMMER GREENS(VIA N1 FREEWAY),12687.4113426474
1112,MAITLAND STATION,SUMMER GREENS (VIA SANDRIFT),12399.0530613139
1113,MAITLAND STATION,"WEST BEACH, SUNNINGDALE & PARKLANDS",28593.1355603788
1114,MAITLAND STATION,KILLARNAY & DU NOON (VIA KOEBERG ROAD),18343.7824839885
1115,MAITLAND STATION,MILNERTON RIDGE (VIA ASCOT VILLAGE),13125.2735291646
1116,MAITLAND STATION,PARKLANDS (VIA KOEBERG ROAD),22403.6458281629
1117,LANGA,CAPE TOWN,14549.0439509061
1118,LANGA,CENTURY CITY,16158.5834522314
1119,WYNBERG,HOUT BAY (VIA VICTORIA HOSPITAL),21839.8162028077
1120,SUBURBAN BLISS,TYGERBERG STATION (VIA TYGERBERG HOSPITAL),24282.7948608027
1121,MUTUAL STATION,RICHWOOD,25263.8037647529
1122,MUTUAL STATION,BOTHASIG,19945.0883520892
1123,ROOSENDAL,BELLVILLE,13104.0416330554
1124,KOEBERG STATION,PARKLANDS,18443.6478752002
1125,KOEBERG STATION,PARKLANDS,21374.6412840304
1126,KOEBERG STATION,PARKLANDS,18662.8393195405
1127,KOEBERG STATION,PARKLANDS,18919.4312586728
1128,MITCHELLS PLAIN,"CLAREMONT (VIA MERRYDALE, DUINEFONTEIN & PHILLIPPI RING RD)",29582.1285932846
1129,MITCHELLS PLAIN,"CLAREMONT (VIA MERRYDALE, LANSDOWNE, JAN SMUTS DR & TURFHALL)",27197.9845538844
1130,MITCHELLS PLAIN,"CLAREMONT (VIA ROCKLANDS, WESTGATE MALL, OLD LANSDOWNE, HEINS & TURFHALL)",30330.602975431
1131,NYANGA,PAROW,18145.873097796
1132,NYANGA,TYGERBERG STATION (VIA TYGERBERG HOSPITAL),23552.4491569582
1133,NYANGA,ELSIES RIVER,20010.9950104541
1134,MACASSAR,EERSTE RIVIER STASIE,13561.3490806528
1135,MACASSAR,SOMERSET WEST,19950.3438329623
1136,MACASSAR,SOMERSET WEST,21749.5487903027
1137,MELKBOSSTRAND,ATLANTIS,33060.6648665914
1138,CAPE TOWN,KOEBERG STATION,7008.246672449
1139,SANDRIFT,KOEBERG STATION,8601.49172770126
1140,MONTAGUE GARDENS,KOEBERG STATION,11669.3171820269
1141,MILNERTON,KOEBERG STATION,10303.5822437876
1142,CAMBRIDGE,KOEBERG STATION,7400.58279266225
1143,KOEBERG STATION,TABLEVIEW,21844.8712990929
1144,CAPE TOWN,MAMRE (VIA KILLARNEY),79594.937303971
1145,MAITLAND,KILLARNEY,18218.3762577778
1146,TABLEVIEW,YSTERPLAAT,20453.0680237747
1147,KILLARNEY,MAITLAND,14136.1752754353
1148,KILLARNEY,MAITLAND,14136.1752754353
1149,TABLE VIEW,DU NOON,9511.03430916796
1150,DU NOON,TABLEVIEW,9496.75859838547
1151,TABLE VIEW,DU NOON,8535.65833625625
1152,DU NOON,TABLEVIEW,8521.38262547376
1153,TABLE VIEW,MORNINGSTAR,17914.9727608333
1154,MORNINGSTAR,TABLEVIEW,17926.3916593003
1155,CAPE TOWN,TABLEVIEW (VIA SUMMER GREENS & MONTAGUE GARDENS),28703.5646976992
1156,KOEBERG STATION,TABLEVIEW,18076.9943107558
1157,YSTERPLAAT STATION,TABLEVIEW,16333.3359057348
1158,KOEBERG STATION,TABLEVIEW (VIA N1 & MONTAGUE GARDENS),22103.0561209723
1159,KOBERG STATION,TABLEVIEW (VIA RACECOURSE),16094.1636253815
1160,KOBERG STATION,TABLEVIEW (VIA LOXTON ROAD),15817.7071723056
1161,KOBERG STATION,TABLEVIEW (VIA BOUNDARY ROAD),16218.0996496611
1162,KILLARNEY,KOEBERG RAILWAY STATION,15188.8364998003
1163,KOEBERG STATION,KILLARNEY,15298.7655255074
1164,CAPE TOWN,KILLARNEY (VIA SUMMER GREENS & MONTAGUE GARDENS),25982.0468780964
1165,KOEBERG STATION,KILLARNEY,25569.7401161988
1166,YSTERPLAAT,KILLARNEY,20858.5584727029
1167,YSTERPLAAT,KILLARNEY,14894.2821004751
1168,KOEBEGR STATION,KILLARNEY,15749.8951143949
1169,KILLARNEY,DU NOON,3958.91356375278
1170,DE NOON,KILLARNEY,3929.47928248714
1171,KOBERG STATION,"KILLARNEY (VIA N1, N7 & MONTAGUE GARDENS)",18256.0530832213
1172,MORNINGSTAR,KILLARNEY,18558.909442295
1173,KOEBERG STATION,DOLPHIN BEACH,22293.7925949614
1174,SUMMERGREENS,KOEBERG STATION,10918.8246978654
1175,KILLARNEY,KOEBERG STATION,13975.4861107406
1176,PAARDEN EILAND,KOEBERG STATION,8531.16073019815
1177,YSTERPLAAT STATION,KOEBERG STATION,2698.40520837269
1178,MONTAGUE GARDENS,KOEBERG STATION,13744.4150205036
1179,MELKBOSSTRAND,KOEBERG STATION,46690.9049309822
1180,KOBERG STATION,MONTAGUE GARDENS,12865.9810129559
1181,BOTHASIG,DU NOON,13429.2591371004
1182,MAITLAND STATION,DU NOON,17317.7539382973
1183,TABLEVIEW BAYSIDE CENTRE,KOEBERG STATION,18010.9239992041
1184,TABLEVIEW BAYSIDE CENTRE,KEOBERG STATION,18010.9239992041
1185,TABLEVIEW BAYSIDE CENTRE,GOODWOOD STATION,19874.4024396249
1186,MONTAGUE GARDENS,GOODWOOD STATION,18225.4200527876
1187,KILLARNEY,KHAYELITSHA (VIA MAITLAND & GOODWOOD),50894.3391969779
1188,MONTAGUE GARDENS,DU NOON,9575.87549962548
1189,JOE SLOVO PARK,DU NOON,11803.2018860824
1190,GOODWOOD,RATANGA JUNCTION,9889.70499212587
1191,GOODWOOD,RATANGA JUNCTION (VIA SUMMER GREENS & MONTAGUE GARDENS),18421.2761400499
1192,MAITLAND,YSTERPLAAT,2763.61667669405
1193,PARKLANDS,YSTERPLAAT,18020.9587796588
1194,MONTAGUE GARDENS,YSTERPLAAT,10207.8740165982
1195,METRO INDUSTRY (PAARDEN EILAND),YSTERPLAAT,4723.84200919406
1196,KILLARNEY,YSTERPLAAT,13350.9285870061
1197,CAPE TOWN,DU NOON,21555.133534524
1198,SUMMER GREENS,DU NOON,11182.010312609
1199,PARKLANDS,DU NOON,12254.0195946179
1200,KILLARNEY,GUGULETU,24474.4129269766
1201,DU NOON,BELLVILLE,26242.5859814575
1202,MONTAGUE GARDENS,CAPE TOWN STATION (VIA SANDRIFT),17703.8557153608
1203,CAPE TOWN (STATION DECK),MILNERTON,15141.3323105358
1204,CAPE TOWN STATION,DU NOON,22649.3346362475
1205,SUMMERGREENS,CAPE TOWN STATION,19041.4123636623
1206,CAMBRIDGE,CAPE TOWN STATION,13377.8638849728
1207,TABLEVIEW,YSTERPLAAT,27001.3649642174
1208,MONTAGUE GARDENS,YSTERPLAAT,18073.7419430428
1209,SANDRIFT,YSTERPLAAT,10909.5274093718
1210,MILNERTON,YSTERPLAAT,12146.3277534338
1211,CAMBRIDGE,YSTERPLAAT,9155.75860170378
1212,MONTAGUE GARDENS,YSTERPLAAT (VIA SANDRIFT),15045.6364838324
1213,CAPE TOWN,YSTERPLAAT,9413.06466181802
1214,DU NOON,MAITLAND,19497.0605079381
1215,KILLARNEY,MAITLAND,18002.62365097
1216,MELKBOSSTRAND,CAPE TOWN,27808.7836395022
1217,MILNERTON,CAPE TOWN,12373.1387715079
1218,SUMMER GREENS,MAITLAND,14462.5231161478
1219,SUMMER GREENS,MAITLAND,12207.9996939059
1220,PARKLANDS,MAITLAND,19403.769341544
1221,DU NOON,MAITLAND,18221.2510034265
1222,MILNERTON RIDGE,MAITLAND,13768.0920369134
1223,PARKLANDS,MAITLAND,18350.4543574617
1224,YSTERPLAAT,SUMMER GREENS,11725.965548424
1225,SUMMER GREENS,YSTERPLAAT,11687.0499681469
1226,KOEBERG STATION,MILNERTON,10590.1867234617
1227,MILNERTON,KOEBERG STATION,11132.8198960828
1228,YSTERPLAAT,TABLEVIEW,17122.5728508251
1229,TABLEVIEW,YSTERPLAAT,17251.5740717758
1230,YSTERPLAAT,METRO,5695.77246206616
1231,METRO,YSTERPLAAT,5730.4366697528
1232,TABLEVIEW,YSTERPLAAT,28001.2912319557
1233,KOEBERG STATION,PARKLANDS,22653.2677662592
1234,PARKLANDS,KOEBERG STATION,24376.198465408
1235,KOEBERG STATION,PARKLANDS,13521.9302660283
1236,PARKLANDS,KOEBERG STATION,13375.0442570786
1237,KOEBERG STATION,PARKLANDS,16641.6010755386
1238,PARKLANDS,KOEBERG STATION,16500.1957014216
1239,KOEBERG STATION,PARKLANDS,22818.2094981163
1240,PARKLANDS,KOEBERG STATION,22592.6116555732
1241,KOEBERG STATION,PARKLANDS,26912.1816606518
1242,PARKLANDS,KOEBERG STATION,26664.8285611893
1243,KOEBERG STATION,PARKLANDS,18510.0941961434
1244,ATLANTIS,CAPE TOWN,60265.3774187843
1245,PELLA,CAPE TOWN,72082.6226961093
1246,NYANGA,KILLARNEY,73438.1301018631
1247,MAITLAND,KOEBERG POWER STATION/MELLKBOS,38146.4589396283
1248,PELLA,CAPE TOWN,69880.5562240408
1249,PELLA,MONTAGUE GARDENS,63144.956683885
1250,KOEBERG STATION,CAPE TOWN (VIA MELKBOS STRAND),90868.3725930514
1251,KOEBERG STATION,MELKBOSSTRAND,31573.5050541867
1252,KOEBERG,ATLANTIS (VIA TABLE VIEW),63616.8656451799
1253,MAMRE,KILLARNEY,56511.033725182
1254,YSTERPLAAT,KOEBERG POWER STATION,37711.760693832
1255,ATLANTIS,KILLARNEY,48310.6520041048
1256,KILLARNEY,KOEBERG POWER STATION,27538.8290676337
1257,TABLE VIEW,MELKBOS STRAND,23877.2103471328
1258,TABLE VIEW,MELKBOSSTRAND,15729.8790377954
1259,KILLARNEY,MELKBOSSTRAND,21954.9360850517
1260,KILLARNEY,MELKBOSSTRAND,19242.6357734957
1261,KOEBERG RAILWAY STATION,MELKBOSSTRAND,39667.4177683185
1262,DU NOON,TABLE VIEW - MELKBOSSTRAND,21922.3235893614
1263,DU NOON,TABLE VIEW - MELKBOSSTRAND,46249.2443030829
1264,SAMORA MACHEL,MELKBOSSTRAND - KILLARNEY,76043.548518098
1265,GUGULETU,KILLARNEY (VIA MELKBOSSTRAND),71815.1726598901
1266,GUGULETU,KILLARNEY,82476.0097438666
1267,SURBURBAN BLISS,KILLARNEY,85333.5556869697
1268,CAPE TOWN (STATION DECK),KOEBERG POWER STATION,46364.0759279763
1269,CAPE TOWN (STATION DECK),TABLE VIEW - MELKBOSSTRAND,36094.9716462052
1270,KHAYELITSHA SITE C,MELKBOS,52518.659494942
1271,YSTERPLAAT RAILWAY STATION,KOEBERG POWER STATION,37233.8847599384
1272,PHILIPPI,KILLARNEY (VIA MELKBOSSTRAND),77189.1851207511
1273,YSTERPLAAT,CAPE TOWN (VIA MELKBOSSTRAND),90142.1260491016
1274,MFULENI,"KILLARNEY (VIA PLATTEKLOOF, BLAAUWBERG, MELKBOSSTRAND, POTSDAM)",467.426898953337
1275,MFULENI,"KILLARNEY (VIA PLATTEKLOOF, BLAAUWBERG, MELKBOSSTRAND, POTSDAM)",84008.5955997054
1276,MAITLAND STATION,3RD STEEN BIG BAY (VIA PAARDEN EILAND),24356.7560800319
1277,KILLARNEY,NYANGA,73902.1555080479
1278,KILLARNEY,KHAYELITSHA (VIA MELKBOSSTRAND),110255.179800985
1279,KOEBERG POWER STATION,MAITLAND,44427.5287412146
1280,CAPE TOWN,PELLA,69814.666937539
1281,MONTAGUE GARDENS,PELLA,63145.1658678793
1282,MELKBOSSTRAND,KOEBERG STATION (VIA TABLEVIEW),37483.7705547382
1283,KILLARNEY,MAMRE,57600.9847872406
1284,KILLARNEY,WESFLEUR ATLANTIS,49895.3022124641
1285,KOEBERG POWER STATION,KILLARNEY,27110.7585267738
1286,MELKBOSSTRAND,TABLEVIEW,23387.2980268127
1287,MELKBOSSTRAND,TABLEVIEW,15647.2000448665
1288,MELKBOSSTRAND,KILLARNEY (VIA SANDOWN),21653.4086901636
1289,MELKBOSSTRAND,KILLARNEY,19281.1628594876
1290,MELKBOSSTRAND,DU NOON ( VIA TABLEVIEW),21870.7914281157
1291,KILLARNEY,SAMORA MACHEL (VIA MELKBOSSTRAND),76484.4921673381
1292,KILLARNEY,GUGULETU (VIA MELKBOSSTRAND),72211.3937190311
1293,CAPE TOWN (STATION DECK),MELKBOSSTRAND,64939.8091046106
1294,MELKBOSSTRAND,CAPE TOWN STATION (VIA TABLEVIEW),43880.9993446289
1295,KHAYELITSHA SITE C,BLAAUWBERG,54131.1825108964
1296,BLAAUWBERG,KHAYELITSHA SITE C,55325.6964353417
1297,KOEBERG POWER STATION,YSTERPLAAT,40370.2891716925
1298,KILLARNEY,PHILIPPI,77913.3512508302
1299,YSTERPLAAT,TABLE VIEW,27155.8726804465
1300,PAARDEN EILAND,BLAAUWBERG,22842.4384988925
1301,BLAAUWBERG,PAARDEN EILAND,22907.243917322
1302,YSTERPLAAT,TABLE VIEW,25970.1492190893
1303,MAITLAND,BLOUBERG STRAND,21431.4965576861
1304,BLOUBERGSTRAND,KOEBERG RAILWAY STATION,25951.084257059
1305,KOEBERG STATION,BLOUBERGSTRAND,26123.1817077203
1306,YSTERPLAAT RAILWAY STATION,TABLEVIEW,26366.4546955048
1307,YSTERPLAAT,TABLEVIEW,26222.8642963773
1308,ATLANTIS,MONTAGUE GARDENS,51566.8930509272
1309,ATLANTIS,CAPE TOWN,59416.054336676
1310,ATLANTIS,CAPE TOWN (VIA PAARDEN EILAND),63143.6576190659
1311,MAMRE,CAPE TOWN,67451.5261438776
1312,ATLANTIS,MONTAGUE GARDENS,54503.3401125274
1313,ATLANTIS,CAPE TOWN (STATION DECK),62292.6124266467
1314,ATLANTIS,CAPE TOWN (VIA PAARDEN EILAND),66123.501368897
1315,ATLANTIS(WESFLEUR),CAPE TOWN,62093.4511600879
1316,ATLANTIS(WESFLEUR),BELLVILLE,87032.8753709972
1317,TABLE VIEW,ATLANTIS,40836.2957504117
1318,MAMRE,MONTAGUE GARDENS,60347.5582138041
1319,WESFLEUR,KILLARNEY,45477.3924800371
1320,TABLE VIEW,ATLANTIS,44348.3350172543
1321,ATLANTIS(WESFLEUR),CENTURY CITY(RATANGA),61572.2661999711
1322,CAPE TOWN,ATLANTIS,60489.5234456293
1323,CAPE TOWN,PELLA,72223.7778661848
1324,ATLANTIS,KOEBERG STATION (VIA TABLEVIEW),67401.1259421683
1325,MONTAGUE GARDENS,WESFLEUR ATLANTIS,51556.781574715
1326,FRANKDALE,KOEBERG STATION,44649.2986845707
1327,CAPE TOWN,WESFLEUR ATLANTIS,59333.1567413543
1328,CAPE TOWN,WESFLEUR ATLANTIS (VIA PAARDEN EILAND),63174.8620853336
1329,CAPE TOWN,MAMRE,67368.6285485559
1330,MONTAGUE GARDENS,SAXONSEA ATLANTIS (VIA TABLEVIEW),54433.3396646856
1331,CAPE TOWN,SAXONSEA ATLANTIS,62209.714831325
1332,CAPE TOWN,SAXONSEA ATLANTIS (VIA PAARDEN EILAND),66081.1650529072
1333,CAPE TOWN,WESFLEUR ATLANTIS,62134.7064630119
1334,ATLANTIS,TABLEVIEW,40669.457067646
1335,MONTAGUE GARDENS,MAMRE,60337.4467375919
1336,CAPE TOWN,VREDENBURG,121150.09556623
1337,CAPE TOWN,LAMBERTSBAAI,121150.09556623
1338,VREDENBURG,CAPE TOWN,121233.322031775
1339,LAMBERTSBAAI,CAPE TOWN,121233.322031775
1340,KILLARNEY,WESFLEUR ATLANTIS,45426.4765746931
1341,ATLANTIS,TABLEVIEW,44309.2802786497
1342,LAMBERTSBAAI,CAPE TOWN,136609.956896157
1343,CAPE TOWN,LAMBERTSBAAI,136522.385109298
1344,LAMBERTSBAAI,CAPE TOWN,136609.956896157
1345,CAPE TOWN,LAMBERTSBAAI,136522.385109298
1346,SALDANHA,CAPE TOWN,121233.322031775
1347,CAPE TOWN,SALDANHA,121150.09556623
1348,CENTURY CITY,WESFLEUR ATLANTIS,61756.0503918379
1349,FRANKDALE,CAPE TOWN STATION,50283.1839132794
1350,KOEBERG POWER STATION,CAPE TOWN STATION,47569.7247702346
1351,FRANKDALE,YSTERPLAAT,47417.9775878764
1352,KOEBERG STATION,DU NOON,21977.256063518
1353,DU NOON,KOEBERG STATION,22496.7275845498
1354,KOEBERG STATION,"TABLEVIEW (VIA N1, N7 & PLATTEKLOOF)",25010.5776304717
1355,TABLEVIEW,"KOEBERG STATION (VIA PLATTEKLOOF, N7 & N1)",18485.1728097167
1356,KOEBERG STATION,GOODWOOD,15053.6638678678
1357,GOODWOOD,KOEBERG STATION,13353.4378321936
1358,KOEBERG STATION,GOODWOOD,15247.4358152667
1359,GOODWOOD,KOEBERG STATION,13598.1675829813
1360,KOEBERG STATION,MILNERTON,13521.9302660283
1361,MILNERTON,KOEBERG STATION,11067.9223957658
1362,KOEBERG STATION,MILNERTON,10605.7084037709
1363,MILNERTON,KOEBERG STATION,11389.7405031501
1364,STEENBERG,WESTLAKE - BLUE ROUTE,10837.9827616668
1365,KHAYELITSHA,KILLARNEY,109288.291947296
1366, , ,13944.9280850932
1367, , ,7525.87985636886
1368, , ,15879.9469686396
1369, , ,11464.2741388189
1370, , ,6251.8295179943
1371, , ,14015.0828639618
1372, , ,9437.32801257634
1373, , ,25715.3104707329
1374, , ,2866.11285241938
1375, , ,4480.30412655414
1376, , ,29111.9356901642
1377, , ,29046.1035790734
1378, , ,18702.4019458617
1379, , ,20540.6736707773
1380, , ,27945.332975783
1381, , ,27183.8523138521
1382, , ,24746.4096940313
1383, , ,19926.1723839269
1384,SURBURBAN BLISS,TYGERBERG STATION,22273.9200856489
1385,WESBANK,TYGERBERG,19892.334125996
1386,WESBANK,TYGERBERG STATION,15234.8039320988
1387,WESBANK,ELSIES RIVER,16529.7889946448
1388,WESBANK,CAPE TOWN STATION,32927.5607502269
1389,SHOPRITE KUILSRIVER,ZEVENWACHT MALL,8049.33924241752
1390,PHILIPPI,MITCHELL'S PLAIN,10337.1357298088
1391,PHILIPPI,MITCHELL'S PLAIN,9394.56502789124
1392,NYANGA,MITCHELL'S PLAIN,10878.7062639028
1393,NYANGA,MITCHELL'S PLAIN,17540.434353767
1394,GUGULETHU,MUTUAL,16065.7404850892
1395,GUGULETHU,BELLVILLE,50532.4379330139
1396,GUGULETHU,BELLVILLE,50435.374314819
1397,NYANGA,PHILIPPI,2926.19308465212
1398,SAMORA MACHEL,NYANGA JUNCTION,4575.98054125783
1399,BELLVILLE,LOWER CROSS ROADS,11382.2896074149
1400,NYANGA,MITCHELL'S PLAIN,10527.5023698253
1401,NYANGA,MITCHELL'S PLAIN,16409.7134862831
1402,NYANGA,MITCHELL'S PLAIN,14569.3489776309
1403,NYANGA,MITCHELL'S PLAIN,5500.32023803406
1404,NYANGA,MITCHELL'S PLAIN,14569.3489776309
1405,NYANGA,MITCHELL'S PLAIN,10625.4830981464
1406,NYANGA,NYANGA JUNCTION,3548.33646975836
1407,NYANGA,MITCHELL'S PLAIN,15612.2335509856
1408,NYANGA,MITCHELL'S PLAIN,12786.8002876982
1409,MELTON ROSE,ZEVENWACHT MALL,7215.48453544678
1410,NYANGA,MITCHELL'S PLAIN,14377.7264285118
1411,NYANGA,MITCHELL'S PLAIN,18777.2844391628
1412,NYANGA,MITCHELL'S PLAIN,14523.5061941953
1413,WALLACEDENE,BRACKENFELL,7249.48256342957
1414,KOEBERG STATION,MONTAGUE GARDENS,24199.5128173768
1415,MITCHELL'S PLAIN,MITCHELL'S PLAIN,6179.18169156403
1416,WESTLAKE,WYNBERG (CONSTANTIA),16260.353347449
1417,NYANGA,CENTURY CITY (VIA BOSMANSDAM ROAD),23777.3073699778
1418,NYANGA,CENTURY CITY (VIA N1 - SABLE ROAD),22957.8905867552
1419,NYANGA,KILLARNEY,27528.5184871967
1420,PHILIPPI STATION,KILLARNEY,31455.3920380589
1421,MELTON ROSE,BELLVILLE,17248.5764408977
1422,VRYGROND,FISH HOEK,11094.787849919
1423,VRYGROND,KHAYELITSHA,84926.4892675218
1424,VRYGROND,MUIZENBERG,5022.03402112128
1425,TYGERBERG STATION,SURBURBAN BLISS,22543.7429484437
1426,PHILIPPI,LANGA,14287.4711927867
1427,LANGA,PHILIPPI,13990.9660111626
1428,ELSIES RIVER,WESBANK,16534.4344401938
1429,CAPE TOWN,WESBANK,33056.2057578413
1430,ZEVENWACHT MALL,SHOPRITE KUILSRIVER,8085.45163180809
1431,MITCHELL'S PLAIN,PHILIPPI,10547.2842858215
1432,MITCHELL'S PLAIN,NYANGA (VIA SAMORA MACHEL),21196.8296728702
1433,MUTUAL,GUGULETHU,15658.6095651851
1434,PHILIPPI,NYANGA,3125.15679768214
1435,NYANGA JUNCTION,SAMORA MACHEL,4470.98883071488
1436,MITCHELL'S PLAIN,NYANGA,16875.5560276991
1437,MITCHELL'S PLAIN,NYANGA,14668.9323025138
1438,ZEVENWACHT MALL,MELTON ROSE,7125.92777997068
1439,BRACKENFELL,WALLACEDENE,11507.3237691049
1440,WYNBERG (CONSTANTIA),WESTLAKE,16323.5198554535
1441,CENTURY CITY (VIA BOSMANSDAM ROAD),NYANGA,24548.620788903
1442,CENTURY CITY (VIA N1 - SABLE ROAD),NYANGA,23386.588938951
1443,KILLARNEY,NYANGA,28219.7590961902
1444,KILLARNEY,PHILIPPI STATION,32198.6990096634
1445,BELLVILLE,MELTON ROSE,17481.2258231012
1446,FISH HOEK,VRYGROND,11260.8138160202
1447,MUIZENBERG,VRYGROND,4954.39369268534
1448,MFULENI,ATHLONE,26607.800971042
1449,MFULENI,MOWBRAY,29831.0963432427
1450,MFULENI,CLAREMONT(VIA WYNBERG),30778.959359602
1451,MFULENI,WYNBERG,27247.3699898655
1452,MFULENI RANK,EXTENSION 3,2486.63421274304
1453,MFULENI,LANGA/EPPING,23263.3527704069
1454,MFULENI,KHAYELITSHA,7071.1373434039
1455,MFULENI,CAPE TOWN (STATION DECK),36001.3950447349
1456,MFULENI,MITCHELLS PLAIN,15125.8190532246
1457,MFULENI,CAPE TOWN,36144.3165650832
1458,MFULENI,"CLAREMONT (LANSDOWNE RD, JAN SMUTS DR & TURFHALL RD)",29167.4213741693
1459,MFULENI,MELKBOSSTRAND - KILLARNEY,114453.107486807
1460,MFULENI,KILLARNEY (VIA MELKBOSSTRAND),86082.9839769316
1461,MFULENI,WYNBERG,27259.3652690777
1462,KILLARNEY,MFULENI (VIA MELKBOSSTRAND & MONTAGUE GARDENS),85915.6832146762
1463,KILLARNEY,MFULENI (VIA MELKBOSSTRAND & PLATTEKLOOF),83965.1486106478
1464, , ,48838.8111131757
1465,MFULENI,FISH HOEK,467.426898953337
1466,MFULENI,FISH HOEK,47671.1907055226
